#
# A fatal error has been detected by the Java Runtime Environment:
#
#  SIGSEGV (0xb) at pc=0x00007f9f368777fa, pid=126867, tid=126870
#
# JRE version: OpenJDK Runtime Environment (Red_Hat-21.0.11.0.10-2) (21.0.11+10) (build 21.0.11+10)
# Java VM: OpenJDK 64-Bit Server VM (Red_Hat-21.0.11.0.10-2) (21.0.11+10, mixed mode, sharing, tiered, compressed oops, compressed class ptrs, g1 gc, linux-amd64)
# Problematic frame:
# C  [libtesseract.so.5.5.2+0x777fa]  tesseract::Tesseract::recog_all_words(tesseract::PAGE_RES*, tesseract::ETEXT_DESC*, tesseract::TBOX const*, char const*, int)+0x5aa
#
# Core dump will be written. Default location: Core dumps may be processed with "/usr/lib/systemd/systemd-coredump %P %u %g %s %t %c %h %d %F" (or dumping to /home/orochi/IT/development/PI/projeto-integrador/backend/core.126867)
#
# If you would like to submit a bug report, please visit:
#   https://bugzilla.redhat.com/enter_bug.cgi?product=Fedora&component=java-21-openjdk&version=42
# The crash happened outside the Java Virtual Machine in native code.
# See problematic frame for where to report the bug.
#

---------------  S U M M A R Y ------------

Command Line: DebugCnhMask

Host: Intel(R) Core(TM) i5-9300H CPU @ 2.40GHz, 8 cores, 7G, Fedora release 43 (Forty Three)
Time: Fri Jun  5 23:58:23 2026 -03 elapsed time: 3.296255 seconds (0d 0h 0m 3s)

---------------  T H R E A D  ---------------

Current thread (0x00007f9fb002f9d0):  JavaThread "main"             [_thread_in_native, id=126870, stack(0x00007f9fb720b000,0x00007f9fb730b000) (1024K)]

Stack: [0x00007f9fb720b000,0x00007f9fb730b000],  sp=0x00007f9fb7308690,  free space=1013k
Native frames: (J=compiled Java code, j=interpreted, Vv=VM code, C=native code)
C  [libtesseract.so.5.5.2+0x777fa]  tesseract::Tesseract::recog_all_words(tesseract::PAGE_RES*, tesseract::ETEXT_DESC*, tesseract::TBOX const*, char const*, int)+0x5aa
C  [libtesseract.so.5.5.2+0x38e81]  tesseract::TessBaseAPI::Recognize(tesseract::ETEXT_DESC*)+0x2d1
C  [libtesseract.so.5.5.2+0x3a313]  tesseract::TessBaseAPI::GetUTF8Text()+0x213
C  [jna15644301163772028608.tmp+0x16052]
Java frames: (J=compiled Java code, j=interpreted, Vv=VM code)
j  com.sun.jna.Native.invokePointer(Lcom/sun/jna/Function;JI[Ljava/lang/Object;)J+0
j  com.sun.jna.Function.invokePointer(I[Ljava/lang/Object;)Lcom/sun/jna/Pointer;+7
j  com.sun.jna.Function.invoke([Ljava/lang/Object;Ljava/lang/Class;ZI)Ljava/lang/Object;+387
j  com.sun.jna.Function.invoke(Ljava/lang/reflect/Method;[Ljava/lang/Class;Ljava/lang/Class;[Ljava/lang/Object;Ljava/util/Map;)Ljava/lang/Object;+271
j  com.sun.jna.Library$Handler.invoke(Ljava/lang/Object;Ljava/lang/reflect/Method;[Ljava/lang/Object;)Ljava/lang/Object;+390
j  jdk.proxy1.$Proxy0.TessBaseAPIGetUTF8Text(Lnet/sourceforge/tess4j/ITessAPI$TessBaseAPI;)Lcom/sun/jna/Pointer;+16 jdk.proxy1
j  net.sourceforge.tess4j.Tesseract.getOCRText(Ljava/lang/String;I)Ljava/lang/String;+309
j  net.sourceforge.tess4j.Tesseract.doOCR(Ljavax/imageio/IIOImage;Ljava/lang/String;Ljava/util/List;I)Ljava/lang/String;+91
j  net.sourceforge.tess4j.Tesseract.doOCR(Ljava/util/List;Ljava/lang/String;Ljava/util/List;)Ljava/lang/String;+106
j  net.sourceforge.tess4j.ITesseract.doOCR(Ljava/awt/image/BufferedImage;Ljava/lang/String;Ljava/util/List;)Ljava/lang/String;+27
j  net.sourceforge.tess4j.ITesseract.doOCR(Ljava/awt/image/BufferedImage;)Ljava/lang/String;+7
j  DebugCnhMask.main([Ljava/lang/String;)V+277
v  ~StubRoutines::call_stub 0x00007f9f9fd37cc6

siginfo: si_signo: 11 (SIGSEGV), si_code: 1 (SEGV_MAPERR), si_addr: 0x000000000000000c

Registers:
RAX=0x0000000000000000, RBX=0x00007f9fb73086d0, RCX=0x0000000000000000, RDX=0x0000000000000000
RSP=0x00007f9fb7308690, RBP=0x00007f9fb7308990, RSI=0x00007f9fb0b81460, RDI=0x00007f9fb73086d0
R8 =0x00007f9fb0b22db0, R9 =0x0000000000000000, R10=0x00007f9fb0b81650, R11=0x00007f9fb0b81460
R12=0x00007f9fb0ac4680, R13=0x00007f9fb0abf0e0, R14=0x0000000000000001, R15=0x00007f9fb7308c70
RIP=0x00007f9f368777fa, EFLAGS=0x0000000000010246, CSGSFS=0x002b000000000033, ERR=0x0000000000000004
  TRAPNO=0x000000000000000e

XMM[0]=0x00007f9fb0b627d0 0x00007f9fb0b22db0
XMM[1]=0x0000000000000000 0x0000000000000000
XMM[2]=0x00007f9fb0b81460 0x00007f9fb0b81650
XMM[3]=0x0000000000000000 0x0000000000000000
XMM[4]=0x0000000000000000 0x00007f9fb0b22db0
XMM[5]=0x0000000000000000 0x00007f9fb0b627d0
XMM[6]=0x0000000000000000 0x00007f9fb0b81650
XMM[7]=0x0000000000000000 0x00007f9fb0b22db0
XMM[8]=0x0000000000000000 0x3ff0000000000000
XMM[9]=0x0000000000000000 0x3fe1b18000000000
XMM[10]=0x0000000000000000 0x000000003f800000
XMM[11]=0x0000000000000000 0x000000003f800000
XMM[12]=0x0000000000000000 0x0000000000000000
XMM[13]=0x0000000000000000 0x000000003f800000
XMM[14]=0x0000000000000000 0x0000000043d80000
XMM[15]=0x0000000000000000 0x0000000000000000
  MXCSR=0x00001fa2


Register to memory mapping:

RAX=0x0 is null
RBX=0x00007f9fb73086d0 is pointing into the stack for thread: 0x00007f9fb002f9d0
RCX=0x0 is null
RDX=0x0 is null
RSP=0x00007f9fb7308690 is pointing into the stack for thread: 0x00007f9fb002f9d0
RBP=0x00007f9fb7308990 is pointing into the stack for thread: 0x00007f9fb002f9d0
RSI=0x00007f9fb0b81460 points into unknown readable memory: 0x00007f9fb0b81460 | 60 14 b8 b0 9f 7f 00 00
RDI=0x00007f9fb73086d0 is pointing into the stack for thread: 0x00007f9fb002f9d0
R8 =0x00007f9fb0b22db0 points into unknown readable memory: 0x00007f9fb0b627d0 | d0 27 b6 b0 9f 7f 00 00
R9 =0x0 is null
R10=0x00007f9fb0b81650 points into unknown readable memory: 0x00007f9fb0b81650 | 50 16 b8 b0 9f 7f 00 00
R11=0x00007f9fb0b81460 points into unknown readable memory: 0x00007f9fb0b81460 | 60 14 b8 b0 9f 7f 00 00
R12=0x00007f9fb0ac4680 points into unknown readable memory: 0x00007f9f36b2ea58 | 58 ea b2 36 9f 7f 00 00
R13=0x00007f9fb0abf0e0 points into unknown readable memory: 0x00007f9f36b2e518 | 18 e5 b2 36 9f 7f 00 00
R14=0x0000000000000001 is an unknown value
R15=0x00007f9fb7308c70 is pointing into the stack for thread: 0x00007f9fb002f9d0

Top of Stack: (sp=0x00007f9fb7308690)
0x00007f9fb7308690:   0000000000000000 0000000000000000   ................
0x00007f9fb73086a0:   0000000000000000 0000000000000000   ................
0x00007f9fb73086b0:   00007f9fb0b851c0 0000000000000000   .Q..............
0x00007f9fb73086c0:   0000000000000000 0000000000000000   ................
0x00007f9fb73086d0:   00007f9fb0b851c0 0000000000000000   .Q..............
0x00007f9fb73086e0:   0000000000000000 0000000000000000   ................
0x00007f9fb73086f0:   00007f9fb0b22db0 00007f9fb0b81650   .-......P.......
0x00007f9fb7308700:   00007f9fb0b81460 00007f9fb0b627d0   `........'......
0x00007f9fb7308710:   00007f9fb0b81650 00007f9fb0b81460   P.......`.......
0x00007f9fb7308720:   00007f9fb0b851c8 00007f9fb0b81460   .Q......`.......
0x00007f9fb7308730:   00007f9fb0b81460 00007f9fb0b81460   `.......`.......
0x00007f9fb7308740:   00007f9fb0b81460 0000000000000000   `...............
0x00007f9fb7308750:   00007f9fb0b81488 00007f9fb0b81650   ........P.......
0x00007f9fb7308760:   00007f9fb0b81650 00007f9fb0b81650   P.......P.......
0x00007f9fb7308770:   00007f9fb0b81650 0000000000000000   P...............
0x00007f9fb7308780:   00007f9fb0b81670 00007f9fb0b627d0   p........'......
0x00007f9fb7308790:   00007f9fb0b22db0 00007f9fb0b627d0   .-.......'......
0x00007f9fb73087a0:   00007f9fb0b22db0 0000000000010000   .-..............
0x00007f9fb73087b0:   00007f9fb0b81670 00007f9fb0b627d0   p........'......
0x00007f9fb73087c0:   00007f9fb0b22db0 00007f9fb0b627d0   .-.......'......
0x00007f9fb73087d0:   00007f9fb0b22db0 00007f9f36000000   .-.........6....
0x00007f9fb73087e0:   00007f9fb0b81670 00007f9fb0b22db0   p........-......
0x00007f9fb73087f0:   00007f9fb0b627d0 00007f9fb0b22db0   .'.......-......
0x00007f9fb7308800:   00007f9fb0b22db0 00007f9fb0010000   .-..............
0x00007f9fb7308810:   00007f9fb0b84be0 00007f9fb0b85560   .K......`U......
0x00007f9fb7308820:   00007f9fb7308880 00007f9f369004a3   ..0........6....
0x00007f9fb7308830:   00007f9fb0b84be0 00000001b0b85560   .K......`U......
0x00007f9fb7308840:   00007f9fb7308870 00007f9f00000001   p.0.............
0x00007f9fb7308850:   00007f9fb0b851e0 00007f9fb0b627d0   .Q.......'......
0x00007f9fb7308860:   0000000000000000 00007f9fb0b81650   ........P.......
0x00007f9fb7308870:   00007f9fb0b84be0 00007f9fb0b85560   .K......`U......
0x00007f9fb7308880:   00007f9fb7308990 00007f9f368e9358   ..0.....X..6....

Instructions: (pc=0x00007f9f368777fa)
0x00007f9f368776fa:   74 04 48 8b 76 08 48 8b 80 20 01 00 00 48 85 c0
0x00007f9f3687770a:   74 bc 8b 50 74 85 d2 74 b5 48 8b 78 10 48 8b 48
0x00007f9f3687771a:   18 31 c0 48 29 f9 48 c1 f9 02 90 66 66 2e 0f 1f
0x00007f9f3687772a:   84 00 00 00 00 00 48 39 c8 0f 84 af d8 f9 ff 44
0x00007f9f3687773a:   8b 04 87 45 85 c0 75 8e 48 83 c0 01 48 39 c2 75
0x00007f9f3687774a:   e5 48 85 f6 0f 84 74 ff ff ff 8b 46 10 8d 50 ff
0x00007f9f3687775a:   83 fa 02 0f 86 65 ff ff ff 83 f8 06 0f 84 5c ff
0x00007f9f3687776a:   ff ff 8d 50 f9 83 fa 01 0f 86 50 ff ff ff 83 f8
0x00007f9f3687777a:   05 0f 85 4f ff ff ff e9 42 ff ff ff 66 2e 0f 1f
0x00007f9f3687778a:   84 00 00 00 00 00 48 83 bd 30 fd ff ff 00 74 10
0x00007f9f3687779a:   48 8b 85 30 fd ff ff ba 64 00 00 00 66 89 50 02
0x00007f9f368777aa:   b8 01 00 00 00 48 8b 55 c8 64 48 2b 14 25 28 00
0x00007f9f368777ba:   00 00 0f 85 58 05 00 00 48 81 c4 d8 02 00 00 5b
0x00007f9f368777ca:   41 5c 41 5d 41 5e 41 5f 5d c3 0f 1f 40 00 31 f6
0x00007f9f368777da:   48 89 df e8 6e 4a f9 ff 41 8b 94 24 68 15 00 00
0x00007f9f368777ea:   85 d2 0f 8f 75 02 00 00 49 8b 84 24 00 0a 00 00
0x00007f9f368777fa:   80 78 0c 00 0f 85 01 05 00 00 4d 8b ac 24 d0 4b
0x00007f9f3687780a:   02 00 4d 8b bc 24 c8 4b 02 00 4d 39 ef 75 21 eb
0x00007f9f3687781a:   3a 0f 1f 44 00 00 48 8b 97 00 0a 00 00 80 7a 0c
0x00007f9f3687782a:   00 0f 85 6f 02 00 00 49 83 c7 08 4d 39 fd 74 1b
0x00007f9f3687783a:   49 8b 3f 8b 87 68 15 00 00 85 c0 7e d9 e8 54 36
0x00007f9f3687784a:   f9 ff 49 83 c7 08 4d 39 fd 75 e5 4c 8d ad 80 fe
0x00007f9f3687785a:   ff ff 66 0f ef c0 be 01 00 00 00 4c 8b 85 20 fd
0x00007f9f3687786a:   ff ff 48 8b 8d 08 fd ff ff 48 8b 95 18 fd ff ff
0x00007f9f3687787a:   4d 89 e9 4c 89 e7 48 c7 85 90 fe ff ff 00 00 00
0x00007f9f3687788a:   00 0f 29 85 80 fe ff ff e8 f9 3e f9 ff 41 8b 84
0x00007f9f3687789a:   24 0c 3c 02 00 85 c0 0f 85 ba 03 00 00 48 8b 85
0x00007f9f368778aa:   88 fe ff ff 4d 89 e8 48 89 d9 4c 89 e7 48 2b 85
0x00007f9f368778ba:   80 fe ff ff 48 ba cd cc cc cc cc cc cc cc 41 c7
0x00007f9f368778ca:   84 24 9c 4b 02 00 00 00 00 00 be 01 00 00 00 48
0x00007f9f368778da:   c1 f8 04 4d 89 a4 24 e0 4b 02 00 49 c7 84 24 8c
0x00007f9f368778ea:   4b 02 00 00 00 00 00 48 0f af c2 48 8b 95 30 fd


Stack slot to memory mapping:

stack at sp + 0 slots: 0x0 is null
stack at sp + 1 slots: 0x0 is null
stack at sp + 2 slots: 0x0 is null
stack at sp + 3 slots: 0x0 is null
stack at sp + 4 slots: 0x00007f9fb0b851c0 points into unknown readable memory: 0x0000000000000000 | 00 00 00 00 00 00 00 00
stack at sp + 5 slots: 0x0 is null
stack at sp + 6 slots: 0x0 is null
stack at sp + 7 slots: 0x0 is null


---------------  P R O C E S S  ---------------

Threads class SMR info:
_java_thread_list=0x00007f9fb0ab1d10, length=13, elements={
0x00007f9fb002f9d0, 0x00007f9fb015fb20, 0x00007f9fb0161090, 0x00007f9fb0162860,
0x00007f9fb0163ea0, 0x00007f9fb0165440, 0x00007f9fb0166f80, 0x00007f9fb0168640,
0x00007f9fb0174de0, 0x00007f9fb0178050, 0x00007f9fb0954ca0, 0x00007f9fb0a87250,
0x00007f9fb0aafca0
}

Java Threads: ( => current thread )
=>0x00007f9fb002f9d0 JavaThread "main"                              [_thread_in_native, id=126870, stack(0x00007f9fb720b000,0x00007f9fb730b000) (1024K)]
  0x00007f9fb015fb20 JavaThread "Reference Handler"          daemon [_thread_blocked, id=126878, stack(0x00007f9f89879000,0x00007f9f89979000) (1024K)]
  0x00007f9fb0161090 JavaThread "Finalizer"                  daemon [_thread_blocked, id=126879, stack(0x00007f9f89779000,0x00007f9f89879000) (1024K)]
  0x00007f9fb0162860 JavaThread "Signal Dispatcher"          daemon [_thread_blocked, id=126880, stack(0x00007f9f89679000,0x00007f9f89779000) (1024K)]
  0x00007f9fb0163ea0 JavaThread "Service Thread"             daemon [_thread_blocked, id=126881, stack(0x00007f9f89579000,0x00007f9f89679000) (1024K)]
  0x00007f9fb0165440 JavaThread "Monitor Deflation Thread"   daemon [_thread_blocked, id=126882, stack(0x00007f9f89479000,0x00007f9f89579000) (1024K)]
  0x00007f9fb0166f80 JavaThread "C2 CompilerThread0"         daemon [_thread_blocked, id=126883, stack(0x00007f9f89379000,0x00007f9f89479000) (1024K)]
  0x00007f9fb0168640 JavaThread "C1 CompilerThread0"         daemon [_thread_blocked, id=126884, stack(0x00007f9f89279000,0x00007f9f89379000) (1024K)]
  0x00007f9fb0174de0 JavaThread "Notification Thread"        daemon [_thread_blocked, id=126885, stack(0x00007f9f890a9000,0x00007f9f891a9000) (1024K)]
  0x00007f9fb0178050 JavaThread "Common-Cleaner"             daemon [_thread_blocked, id=126886, stack(0x00007f9f88fa9000,0x00007f9f890a9000) (1024K)]
  0x00007f9fb0954ca0 JavaThread "Java2D Disposer"            daemon [_thread_blocked, id=126904, stack(0x00007f9f8878e000,0x00007f9f8888e000) (1024K)]
  0x00007f9fb0a87250 JavaThread "process reaper"             daemon [_thread_blocked, id=126931, stack(0x00007f9f8809a000,0x00007f9f880bc000) (136K)]
  0x00007f9fb0aafca0 JavaThread "JNA Cleaner"                daemon [_thread_blocked, id=126932, stack(0x00007f9f352d1000,0x00007f9f353d1000) (1024K)]
Total: 13

Other Threads:
  0x00007f9fb0156a00 VMThread "VM Thread"                           [id=126877, stack(0x00007f9f8997a000,0x00007f9f89a7a000) (1024K)]
  0x00007f9fb0144e30 WatcherThread "VM Periodic Task Thread"        [id=126876, stack(0x00007f9f89a7b000,0x00007f9f89b7b000) (1024K)]
  0x00007f9fb00864e0 WorkerThread "GC Thread#0"                     [id=126871, stack(0x00007f9fb413f000,0x00007f9fb423f000) (1024K)]
  0x00007f9f300079b0 WorkerThread "GC Thread#1"                     [id=126906, stack(0x00007f9f8868e000,0x00007f9f8878e000) (1024K)]
  0x00007f9f30010460 WorkerThread "GC Thread#2"                     [id=126907, stack(0x00007f9f8858d000,0x00007f9f8868d000) (1024K)]
  0x00007f9f30010ed0 WorkerThread "GC Thread#3"                     [id=126908, stack(0x00007f9f8848c000,0x00007f9f8858c000) (1024K)]
  0x00007f9f3000fab0 WorkerThread "GC Thread#4"                     [id=126923, stack(0x00007f9f881be000,0x00007f9f882be000) (1024K)]
  0x00007f9f30009980 WorkerThread "GC Thread#5"                     [id=126924, stack(0x00007f9f882dc000,0x00007f9f883dc000) (1024K)]
  0x00007f9f3000af70 WorkerThread "GC Thread#6"                     [id=126925, stack(0x00007f9f880bd000,0x00007f9f881bd000) (1024K)]
  0x00007f9fb0096d50 ConcurrentGCThread "G1 Main Marker"            [id=126872, stack(0x00007f9fb403e000,0x00007f9fb413e000) (1024K)]
  0x00007f9fb0097cf0 WorkerThread "G1 Conc#0"                       [id=126873, stack(0x00007f9f98700000,0x00007f9f98800000) (1024K)]
  0x00007f9f8c000ce0 WorkerThread "G1 Conc#1"                       [id=126926, stack(0x00007f9f36f00000,0x00007f9f37000000) (1024K)]
  0x00007f9fb0129360 ConcurrentGCThread "G1 Refine#0"               [id=126874, stack(0x00007f9f89cfe000,0x00007f9f89dfe000) (1024K)]
  0x00007f9fb012a320 ConcurrentGCThread "G1 Service"                [id=126875, stack(0x00007f9f89bfd000,0x00007f9f89cfd000) (1024K)]
Total: 14

Threads with active compile tasks:
Total: 0

VM state: not at safepoint (normal execution)

VM Mutex/Monitor currently owned by a thread: None

Heap address: 0x0000000086a00000, size: 1942 MB, Compressed Oops mode: 32-bit

CDS archive(s) mapped at: [0x00007f9f3b000000-0x00007f9f3bc9d000-0x00007f9f3bc9d000), size 13225984, SharedBaseAddress: 0x00007f9f3b000000, ArchiveRelocationMode: 1.
Compressed class space mapped at: 0x00007f9f3c000000-0x00007f9f7c000000, reserved size: 1073741824
Narrow klass base: 0x00007f9f3b000000, Narrow klass shift: 0, Narrow klass range: 0x100000000

GC Precious Log:
 CardTable entry size: 512
 Card Set container configuration: InlinePtr #cards 5 size 8 Array Of Cards #cards 12 size 40 Howl #buckets 4 coarsen threshold 1843 Howl Bitmap #cards 512 size 80 coarsen threshold 460 Card regions per heap region 1 cards per card region 2048
 CPUs: 8 total, 8 available
 Memory: 7762M
 Large Page Support: Disabled
 NUMA Support: Disabled
 Compressed Oops: Enabled (32-bit)
 Heap Region Size: 1M
 Heap Min Capacity: 8M
 Heap Initial Capacity: 122M
 Heap Max Capacity: 1942M
 Pre-touch: Disabled
 Parallel Workers: 8
 Concurrent Workers: 2
 Concurrent Refinement Workers: 8
 Periodic GC: Disabled

Heap:
 garbage-first heap   total 161792K, used 136426K [0x0000000086a00000, 0x0000000100000000)
  region size 1024K, 18 young (18432K), 1 survivors (1024K)
 Metaspace       used 11858K, committed 12032K, reserved 1114112K
  class space    used 1156K, committed 1216K, reserved 1048576K

Heap Regions: E=young(eden), S=young(survivor), O=old, HS=humongous(starts), HC=humongous(continues), CS=collection set, F=free, TAMS=top-at-mark-start, PB=parsable bottom
|   0|0x0000000086a00000, 0x0000000086b00000, 0x0000000086b00000|100%|HS|  |TAMS 0x0000000086a00000| PB 0x0000000086a00000| Complete 
|   1|0x0000000086b00000, 0x0000000086c00000, 0x0000000086c00000|100%|HS|  |TAMS 0x0000000086b00000| PB 0x0000000086b00000| Complete 
|   2|0x0000000086c00000, 0x0000000086d00000, 0x0000000086d00000|100%| O|  |TAMS 0x0000000086c00000| PB 0x0000000086c00000| Untracked 
|   3|0x0000000086d00000, 0x0000000086e00000, 0x0000000086e00000|100%|HS|  |TAMS 0x0000000086d00000| PB 0x0000000086d00000| Complete 
|   4|0x0000000086e00000, 0x0000000086f00000, 0x0000000086f00000|100%|HS|  |TAMS 0x0000000086e00000| PB 0x0000000086e00000| Complete 
|   5|0x0000000086f00000, 0x0000000087000000, 0x0000000087000000|100%|HC|  |TAMS 0x0000000086f00000| PB 0x0000000086f00000| Complete 
|   6|0x0000000087000000, 0x0000000087100000, 0x0000000087100000|100%|HC|  |TAMS 0x0000000087000000| PB 0x0000000087000000| Complete 
|   7|0x0000000087100000, 0x0000000087200000, 0x0000000087200000|100%|HC|  |TAMS 0x0000000087100000| PB 0x0000000087100000| Complete 
|   8|0x0000000087200000, 0x0000000087300000, 0x0000000087300000|100%|HC|  |TAMS 0x0000000087200000| PB 0x0000000087200000| Complete 
|   9|0x0000000087300000, 0x0000000087400000, 0x0000000087400000|100%|HC|  |TAMS 0x0000000087300000| PB 0x0000000087300000| Complete 
|  10|0x0000000087400000, 0x0000000087500000, 0x0000000087500000|100%|HC|  |TAMS 0x0000000087400000| PB 0x0000000087400000| Complete 
|  11|0x0000000087500000, 0x0000000087600000, 0x0000000087600000|100%|HC|  |TAMS 0x0000000087500000| PB 0x0000000087500000| Complete 
|  12|0x0000000087600000, 0x0000000087700000, 0x0000000087700000|100%|HC|  |TAMS 0x0000000087600000| PB 0x0000000087600000| Complete 
|  13|0x0000000087700000, 0x0000000087800000, 0x0000000087800000|100%|HC|  |TAMS 0x0000000087700000| PB 0x0000000087700000| Complete 
|  14|0x0000000087800000, 0x0000000087900000, 0x0000000087900000|100%|HC|  |TAMS 0x0000000087800000| PB 0x0000000087800000| Complete 
|  15|0x0000000087900000, 0x0000000087a00000, 0x0000000087a00000|100%|HC|  |TAMS 0x0000000087900000| PB 0x0000000087900000| Complete 
|  16|0x0000000087a00000, 0x0000000087b00000, 0x0000000087b00000|100%|HC|  |TAMS 0x0000000087a00000| PB 0x0000000087a00000| Complete 
|  17|0x0000000087b00000, 0x0000000087c00000, 0x0000000087c00000|100%|HC|  |TAMS 0x0000000087b00000| PB 0x0000000087b00000| Complete 
|  18|0x0000000087c00000, 0x0000000087d00000, 0x0000000087d00000|100%|HC|  |TAMS 0x0000000087c00000| PB 0x0000000087c00000| Complete 
|  19|0x0000000087d00000, 0x0000000087e00000, 0x0000000087e00000|100%|HC|  |TAMS 0x0000000087d00000| PB 0x0000000087d00000| Complete 
|  20|0x0000000087e00000, 0x0000000087f00000, 0x0000000087f00000|100%|HC|  |TAMS 0x0000000087e00000| PB 0x0000000087e00000| Complete 
|  21|0x0000000087f00000, 0x0000000088000000, 0x0000000088000000|100%|HC|  |TAMS 0x0000000087f00000| PB 0x0000000087f00000| Complete 
|  22|0x0000000088000000, 0x0000000088100000, 0x0000000088100000|100%|HC|  |TAMS 0x0000000088000000| PB 0x0000000088000000| Complete 
|  23|0x0000000088100000, 0x0000000088200000, 0x0000000088200000|100%|HC|  |TAMS 0x0000000088100000| PB 0x0000000088100000| Complete 
|  24|0x0000000088200000, 0x0000000088300000, 0x0000000088300000|100%|HC|  |TAMS 0x0000000088200000| PB 0x0000000088200000| Complete 
|  25|0x0000000088300000, 0x0000000088400000, 0x0000000088400000|100%|HC|  |TAMS 0x0000000088300000| PB 0x0000000088300000| Complete 
|  26|0x0000000088400000, 0x0000000088500000, 0x0000000088500000|100%|HC|  |TAMS 0x0000000088400000| PB 0x0000000088400000| Complete 
|  27|0x0000000088500000, 0x0000000088600000, 0x0000000088600000|100%|HC|  |TAMS 0x0000000088500000| PB 0x0000000088500000| Complete 
|  28|0x0000000088600000, 0x0000000088700000, 0x0000000088700000|100%|HC|  |TAMS 0x0000000088600000| PB 0x0000000088600000| Complete 
|  29|0x0000000088700000, 0x0000000088800000, 0x0000000088800000|100%|HC|  |TAMS 0x0000000088700000| PB 0x0000000088700000| Complete 
|  30|0x0000000088800000, 0x0000000088900000, 0x0000000088900000|100%|HC|  |TAMS 0x0000000088800000| PB 0x0000000088800000| Complete 
|  31|0x0000000088900000, 0x0000000088a00000, 0x0000000088a00000|100%|HC|  |TAMS 0x0000000088900000| PB 0x0000000088900000| Complete 
|  32|0x0000000088a00000, 0x0000000088b00000, 0x0000000088b00000|100%|HC|  |TAMS 0x0000000088a00000| PB 0x0000000088a00000| Complete 
|  33|0x0000000088b00000, 0x0000000088c00000, 0x0000000088c00000|100%|HC|  |TAMS 0x0000000088b00000| PB 0x0000000088b00000| Complete 
|  34|0x0000000088c00000, 0x0000000088d00000, 0x0000000088d00000|100%|HC|  |TAMS 0x0000000088c00000| PB 0x0000000088c00000| Complete 
|  35|0x0000000088d00000, 0x0000000088e00000, 0x0000000088e00000|100%|HC|  |TAMS 0x0000000088d00000| PB 0x0000000088d00000| Complete 
|  36|0x0000000088e00000, 0x0000000088f00000, 0x0000000088f00000|100%|HC|  |TAMS 0x0000000088e00000| PB 0x0000000088e00000| Complete 
|  37|0x0000000088f00000, 0x0000000089000000, 0x0000000089000000|100%|HC|  |TAMS 0x0000000088f00000| PB 0x0000000088f00000| Complete 
|  38|0x0000000089000000, 0x0000000089100000, 0x0000000089100000|100%| O|  |TAMS 0x0000000089000000| PB 0x0000000089000000| Untracked 
|  39|0x0000000089100000, 0x0000000089200000, 0x0000000089200000|100%| O|  |TAMS 0x0000000089100000| PB 0x0000000089100000| Untracked 
|  40|0x0000000089200000, 0x0000000089300000, 0x0000000089300000|100%| O|  |TAMS 0x0000000089200000| PB 0x0000000089200000| Untracked 
|  41|0x0000000089300000, 0x0000000089400000, 0x0000000089400000|100%| O|  |TAMS 0x0000000089300000| PB 0x0000000089300000| Untracked 
|  42|0x0000000089400000, 0x0000000089500000, 0x0000000089500000|100%| O|  |TAMS 0x0000000089400000| PB 0x0000000089400000| Untracked 
|  43|0x0000000089500000, 0x0000000089600000, 0x0000000089600000|100%| O|  |TAMS 0x0000000089500000| PB 0x0000000089500000| Untracked 
|  44|0x0000000089600000, 0x0000000089700000, 0x0000000089700000|100%| O|  |TAMS 0x0000000089600000| PB 0x0000000089600000| Untracked 
|  45|0x0000000089700000, 0x0000000089800000, 0x0000000089800000|100%| O|  |TAMS 0x0000000089700000| PB 0x0000000089700000| Untracked 
|  46|0x0000000089800000, 0x0000000089900000, 0x0000000089900000|100%| O|  |TAMS 0x0000000089800000| PB 0x0000000089800000| Untracked 
|  47|0x0000000089900000, 0x0000000089a00000, 0x0000000089a00000|100%| O|  |TAMS 0x0000000089900000| PB 0x0000000089900000| Untracked 
|  48|0x0000000089a00000, 0x0000000089b00000, 0x0000000089b00000|100%| O|  |TAMS 0x0000000089a00000| PB 0x0000000089a00000| Untracked 
|  49|0x0000000089b00000, 0x0000000089c00000, 0x0000000089c00000|100%|HS|  |TAMS 0x0000000089b00000| PB 0x0000000089b00000| Complete 
|  50|0x0000000089c00000, 0x0000000089d00000, 0x0000000089d00000|100%|HC|  |TAMS 0x0000000089c00000| PB 0x0000000089c00000| Complete 
|  51|0x0000000089d00000, 0x0000000089e00000, 0x0000000089e00000|100%|HS|  |TAMS 0x0000000089d00000| PB 0x0000000089d00000| Complete 
|  52|0x0000000089e00000, 0x0000000089f00000, 0x0000000089f00000|100%|HC|  |TAMS 0x0000000089e00000| PB 0x0000000089e00000| Complete 
|  53|0x0000000089f00000, 0x000000008a000000, 0x000000008a000000|100%| O|  |TAMS 0x0000000089f00000| PB 0x0000000089f00000| Untracked 
|  54|0x000000008a000000, 0x000000008a100000, 0x000000008a100000|100%| O|  |TAMS 0x000000008a000000| PB 0x000000008a000000| Untracked 
|  55|0x000000008a100000, 0x000000008a200000, 0x000000008a200000|100%| O|  |TAMS 0x000000008a100000| PB 0x000000008a100000| Untracked 
|  56|0x000000008a200000, 0x000000008a300000, 0x000000008a300000|100%| O|  |TAMS 0x000000008a200000| PB 0x000000008a200000| Untracked 
|  57|0x000000008a300000, 0x000000008a37c030, 0x000000008a400000| 48%| O|  |TAMS 0x000000008a300000| PB 0x000000008a300000| Untracked 
|  58|0x000000008a400000, 0x000000008a500000, 0x000000008a500000|100%|HS|  |TAMS 0x000000008a400000| PB 0x000000008a400000| Complete 
|  59|0x000000008a500000, 0x000000008a600000, 0x000000008a600000|100%|HC|  |TAMS 0x000000008a500000| PB 0x000000008a500000| Complete 
|  60|0x000000008a600000, 0x000000008a700000, 0x000000008a700000|100%|HS|  |TAMS 0x000000008a600000| PB 0x000000008a600000| Complete 
|  61|0x000000008a700000, 0x000000008a800000, 0x000000008a800000|100%|HC|  |TAMS 0x000000008a700000| PB 0x000000008a700000| Complete 
|  62|0x000000008a800000, 0x000000008a900000, 0x000000008a900000|100%|HC|  |TAMS 0x000000008a800000| PB 0x000000008a800000| Complete 
|  63|0x000000008a900000, 0x000000008aa00000, 0x000000008aa00000|100%|HS|  |TAMS 0x000000008a900000| PB 0x000000008a900000| Complete 
|  64|0x000000008aa00000, 0x000000008ab00000, 0x000000008ab00000|100%|HC|  |TAMS 0x000000008aa00000| PB 0x000000008aa00000| Complete 
|  65|0x000000008ab00000, 0x000000008ac00000, 0x000000008ac00000|100%|HS|  |TAMS 0x000000008ab00000| PB 0x000000008ab00000| Complete 
|  66|0x000000008ac00000, 0x000000008ad00000, 0x000000008ad00000|100%|HC|  |TAMS 0x000000008ac00000| PB 0x000000008ac00000| Complete 
|  67|0x000000008ad00000, 0x000000008ae00000, 0x000000008ae00000|100%|HS|  |TAMS 0x000000008ad00000| PB 0x000000008ad00000| Complete 
|  68|0x000000008ae00000, 0x000000008af00000, 0x000000008af00000|100%|HC|  |TAMS 0x000000008ae00000| PB 0x000000008ae00000| Complete 
|  69|0x000000008af00000, 0x000000008b000000, 0x000000008b000000|100%|HS|  |TAMS 0x000000008af00000| PB 0x000000008af00000| Complete 
|  70|0x000000008b000000, 0x000000008b100000, 0x000000008b100000|100%|HC|  |TAMS 0x000000008b000000| PB 0x000000008b000000| Complete 
|  71|0x000000008b100000, 0x000000008b200000, 0x000000008b200000|100%|HC|  |TAMS 0x000000008b100000| PB 0x000000008b100000| Complete 
|  72|0x000000008b200000, 0x000000008b300000, 0x000000008b300000|100%|HS|  |TAMS 0x000000008b200000| PB 0x000000008b200000| Complete 
|  73|0x000000008b300000, 0x000000008b400000, 0x000000008b400000|100%|HC|  |TAMS 0x000000008b300000| PB 0x000000008b300000| Complete 
|  74|0x000000008b400000, 0x000000008b500000, 0x000000008b500000|100%|HS|  |TAMS 0x000000008b400000| PB 0x000000008b400000| Complete 
|  75|0x000000008b500000, 0x000000008b600000, 0x000000008b600000|100%|HC|  |TAMS 0x000000008b500000| PB 0x000000008b500000| Complete 
|  76|0x000000008b600000, 0x000000008b700000, 0x000000008b700000|100%|HS|  |TAMS 0x000000008b600000| PB 0x000000008b600000| Complete 
|  77|0x000000008b700000, 0x000000008b800000, 0x000000008b800000|100%|HC|  |TAMS 0x000000008b700000| PB 0x000000008b700000| Complete 
|  78|0x000000008b800000, 0x000000008b900000, 0x000000008b900000|100%|HS|  |TAMS 0x000000008b800000| PB 0x000000008b800000| Complete 
|  79|0x000000008b900000, 0x000000008ba00000, 0x000000008ba00000|100%|HC|  |TAMS 0x000000008b900000| PB 0x000000008b900000| Complete 
|  80|0x000000008ba00000, 0x000000008bb00000, 0x000000008bb00000|100%|HC|  |TAMS 0x000000008ba00000| PB 0x000000008ba00000| Complete 
|  81|0x000000008bb00000, 0x000000008bc00000, 0x000000008bc00000|100%|HS|  |TAMS 0x000000008bb00000| PB 0x000000008bb00000| Complete 
|  82|0x000000008bc00000, 0x000000008bc00000, 0x000000008bd00000|  0%| F|  |TAMS 0x000000008bc00000| PB 0x000000008bc00000| Untracked 
|  83|0x000000008bd00000, 0x000000008bd00000, 0x000000008be00000|  0%| F|  |TAMS 0x000000008bd00000| PB 0x000000008bd00000| Untracked 
|  84|0x000000008be00000, 0x000000008be00000, 0x000000008bf00000|  0%| F|  |TAMS 0x000000008be00000| PB 0x000000008be00000| Untracked 
|  85|0x000000008bf00000, 0x000000008bf00000, 0x000000008c000000|  0%| F|  |TAMS 0x000000008bf00000| PB 0x000000008bf00000| Untracked 
|  86|0x000000008c000000, 0x000000008c000000, 0x000000008c100000|  0%| F|  |TAMS 0x000000008c000000| PB 0x000000008c000000| Untracked 
|  87|0x000000008c100000, 0x000000008c100000, 0x000000008c200000|  0%| F|  |TAMS 0x000000008c100000| PB 0x000000008c100000| Untracked 
|  88|0x000000008c200000, 0x000000008c200000, 0x000000008c300000|  0%| F|  |TAMS 0x000000008c200000| PB 0x000000008c200000| Untracked 
|  89|0x000000008c300000, 0x000000008c300000, 0x000000008c400000|  0%| F|  |TAMS 0x000000008c300000| PB 0x000000008c300000| Untracked 
|  90|0x000000008c400000, 0x000000008c400000, 0x000000008c500000|  0%| F|  |TAMS 0x000000008c400000| PB 0x000000008c400000| Untracked 
|  91|0x000000008c500000, 0x000000008c500000, 0x000000008c600000|  0%| F|  |TAMS 0x000000008c500000| PB 0x000000008c500000| Untracked 
|  92|0x000000008c600000, 0x000000008c600000, 0x000000008c700000|  0%| F|  |TAMS 0x000000008c600000| PB 0x000000008c600000| Untracked 
|  93|0x000000008c700000, 0x000000008c700000, 0x000000008c800000|  0%| F|  |TAMS 0x000000008c700000| PB 0x000000008c700000| Untracked 
|  94|0x000000008c800000, 0x000000008c800000, 0x000000008c900000|  0%| F|  |TAMS 0x000000008c800000| PB 0x000000008c800000| Untracked 
|  95|0x000000008c900000, 0x000000008c900000, 0x000000008ca00000|  0%| F|  |TAMS 0x000000008c900000| PB 0x000000008c900000| Untracked 
|  96|0x000000008ca00000, 0x000000008ca00000, 0x000000008cb00000|  0%| F|  |TAMS 0x000000008ca00000| PB 0x000000008ca00000| Untracked 
|  97|0x000000008cb00000, 0x000000008cb00000, 0x000000008cc00000|  0%| F|  |TAMS 0x000000008cb00000| PB 0x000000008cb00000| Untracked 
|  98|0x000000008cc00000, 0x000000008cc00000, 0x000000008cd00000|  0%| F|  |TAMS 0x000000008cc00000| PB 0x000000008cc00000| Untracked 
|  99|0x000000008cd00000, 0x000000008cd00000, 0x000000008ce00000|  0%| F|  |TAMS 0x000000008cd00000| PB 0x000000008cd00000| Untracked 
| 100|0x000000008ce00000, 0x000000008ce00000, 0x000000008cf00000|  0%| F|  |TAMS 0x000000008ce00000| PB 0x000000008ce00000| Untracked 
| 101|0x000000008cf00000, 0x000000008cf00000, 0x000000008d000000|  0%| F|  |TAMS 0x000000008cf00000| PB 0x000000008cf00000| Untracked 
| 102|0x000000008d000000, 0x000000008d000000, 0x000000008d100000|  0%| F|  |TAMS 0x000000008d000000| PB 0x000000008d000000| Untracked 
| 103|0x000000008d100000, 0x000000008d100000, 0x000000008d200000|  0%| F|  |TAMS 0x000000008d100000| PB 0x000000008d100000| Untracked 
| 104|0x000000008d200000, 0x000000008d2b8c40, 0x000000008d300000| 72%| E|  |TAMS 0x000000008d200000| PB 0x000000008d200000| Complete 
| 105|0x000000008d300000, 0x000000008d400000, 0x000000008d400000|100%| E|CS|TAMS 0x000000008d300000| PB 0x000000008d300000| Complete 
| 106|0x000000008d400000, 0x000000008d500000, 0x000000008d500000|100%| E|CS|TAMS 0x000000008d400000| PB 0x000000008d400000| Complete 
| 107|0x000000008d500000, 0x000000008d600000, 0x000000008d600000|100%| E|CS|TAMS 0x000000008d500000| PB 0x000000008d500000| Complete 
| 108|0x000000008d600000, 0x000000008d700000, 0x000000008d700000|100%| E|CS|TAMS 0x000000008d600000| PB 0x000000008d600000| Complete 
| 109|0x000000008d700000, 0x000000008d800000, 0x000000008d800000|100%| E|CS|TAMS 0x000000008d700000| PB 0x000000008d700000| Complete 
| 110|0x000000008d800000, 0x000000008d900000, 0x000000008d900000|100%| E|CS|TAMS 0x000000008d800000| PB 0x000000008d800000| Complete 
| 111|0x000000008d900000, 0x000000008da00000, 0x000000008da00000|100%| E|CS|TAMS 0x000000008d900000| PB 0x000000008d900000| Complete 
| 112|0x000000008da00000, 0x000000008db00000, 0x000000008db00000|100%| E|CS|TAMS 0x000000008da00000| PB 0x000000008da00000| Complete 
| 113|0x000000008db00000, 0x000000008dc00000, 0x000000008dc00000|100%| E|CS|TAMS 0x000000008db00000| PB 0x000000008db00000| Complete 
| 114|0x000000008dc00000, 0x000000008dcb1f60, 0x000000008dd00000| 69%| S|CS|TAMS 0x000000008dc00000| PB 0x000000008dc00000| Complete 
| 115|0x000000008dd00000, 0x000000008de00000, 0x000000008de00000|100%| E|CS|TAMS 0x000000008dd00000| PB 0x000000008dd00000| Complete 
| 116|0x000000008de00000, 0x000000008df00000, 0x000000008df00000|100%| E|CS|TAMS 0x000000008de00000| PB 0x000000008de00000| Complete 
| 117|0x000000008df00000, 0x000000008e000000, 0x000000008e000000|100%| E|CS|TAMS 0x000000008df00000| PB 0x000000008df00000| Complete 
| 118|0x000000008e000000, 0x000000008e100000, 0x000000008e100000|100%| E|CS|TAMS 0x000000008e000000| PB 0x000000008e000000| Complete 
| 119|0x000000008e100000, 0x000000008e200000, 0x000000008e200000|100%| E|CS|TAMS 0x000000008e100000| PB 0x000000008e100000| Complete 
| 120|0x000000008e200000, 0x000000008e300000, 0x000000008e300000|100%| E|CS|TAMS 0x000000008e200000| PB 0x000000008e200000| Complete 
| 121|0x000000008e300000, 0x000000008e400000, 0x000000008e400000|100%| E|CS|TAMS 0x000000008e300000| PB 0x000000008e300000| Complete 
| 122|0x000000008e400000, 0x000000008e500000, 0x000000008e500000|100%|HS|  |TAMS 0x000000008e400000| PB 0x000000008e400000| Complete 
| 123|0x000000008e500000, 0x000000008e600000, 0x000000008e600000|100%|HC|  |TAMS 0x000000008e500000| PB 0x000000008e500000| Complete 
| 124|0x000000008e600000, 0x000000008e700000, 0x000000008e700000|100%|HC|  |TAMS 0x000000008e600000| PB 0x000000008e600000| Complete 
| 125|0x000000008e700000, 0x000000008e800000, 0x000000008e800000|100%|HC|  |TAMS 0x000000008e700000| PB 0x000000008e700000| Complete 
| 126|0x000000008e800000, 0x000000008e900000, 0x000000008e900000|100%|HC|  |TAMS 0x000000008e800000| PB 0x000000008e800000| Complete 
| 127|0x000000008e900000, 0x000000008ea00000, 0x000000008ea00000|100%|HC|  |TAMS 0x000000008e900000| PB 0x000000008e900000| Complete 
| 128|0x000000008ea00000, 0x000000008eb00000, 0x000000008eb00000|100%|HC|  |TAMS 0x000000008ea00000| PB 0x000000008ea00000| Complete 
| 129|0x000000008eb00000, 0x000000008ec00000, 0x000000008ec00000|100%|HC|  |TAMS 0x000000008eb00000| PB 0x000000008eb00000| Complete 
| 130|0x000000008ec00000, 0x000000008ed00000, 0x000000008ed00000|100%|HC|  |TAMS 0x000000008ec00000| PB 0x000000008ec00000| Complete 
| 131|0x000000008ed00000, 0x000000008ee00000, 0x000000008ee00000|100%|HC|  |TAMS 0x000000008ed00000| PB 0x000000008ed00000| Complete 
| 132|0x000000008ee00000, 0x000000008ef00000, 0x000000008ef00000|100%|HC|  |TAMS 0x000000008ee00000| PB 0x000000008ee00000| Complete 
| 133|0x000000008ef00000, 0x000000008f000000, 0x000000008f000000|100%|HC|  |TAMS 0x000000008ef00000| PB 0x000000008ef00000| Complete 
| 134|0x000000008f000000, 0x000000008f100000, 0x000000008f100000|100%|HC|  |TAMS 0x000000008f000000| PB 0x000000008f000000| Complete 
| 135|0x000000008f100000, 0x000000008f200000, 0x000000008f200000|100%|HC|  |TAMS 0x000000008f100000| PB 0x000000008f100000| Complete 
| 136|0x000000008f200000, 0x000000008f300000, 0x000000008f300000|100%|HC|  |TAMS 0x000000008f200000| PB 0x000000008f200000| Complete 
| 137|0x000000008f300000, 0x000000008f400000, 0x000000008f400000|100%|HC|  |TAMS 0x000000008f300000| PB 0x000000008f300000| Complete 
| 138|0x000000008f400000, 0x000000008f500000, 0x000000008f500000|100%|HC|  |TAMS 0x000000008f400000| PB 0x000000008f400000| Complete 
| 139|0x000000008f500000, 0x000000008f600000, 0x000000008f600000|100%|HC|  |TAMS 0x000000008f500000| PB 0x000000008f500000| Complete 
| 140|0x000000008f600000, 0x000000008f700000, 0x000000008f700000|100%|HC|  |TAMS 0x000000008f600000| PB 0x000000008f600000| Complete 
| 141|0x000000008f700000, 0x000000008f800000, 0x000000008f800000|100%|HC|  |TAMS 0x000000008f700000| PB 0x000000008f700000| Complete 
| 142|0x000000008f800000, 0x000000008f900000, 0x000000008f900000|100%|HC|  |TAMS 0x000000008f800000| PB 0x000000008f800000| Complete 
| 143|0x000000008f900000, 0x000000008fa00000, 0x000000008fa00000|100%|HC|  |TAMS 0x000000008f900000| PB 0x000000008f900000| Complete 
| 144|0x000000008fa00000, 0x000000008fb00000, 0x000000008fb00000|100%|HC|  |TAMS 0x000000008fa00000| PB 0x000000008fa00000| Complete 
| 145|0x000000008fb00000, 0x000000008fc00000, 0x000000008fc00000|100%|HC|  |TAMS 0x000000008fb00000| PB 0x000000008fb00000| Complete 
| 146|0x000000008fc00000, 0x000000008fd00000, 0x000000008fd00000|100%|HC|  |TAMS 0x000000008fc00000| PB 0x000000008fc00000| Complete 
| 147|0x000000008fd00000, 0x000000008fe00000, 0x000000008fe00000|100%|HC|  |TAMS 0x000000008fd00000| PB 0x000000008fd00000| Complete 
| 148|0x000000008fe00000, 0x000000008ff00000, 0x000000008ff00000|100%|HC|  |TAMS 0x000000008fe00000| PB 0x000000008fe00000| Complete 
| 149|0x000000008ff00000, 0x0000000090000000, 0x0000000090000000|100%|HC|  |TAMS 0x000000008ff00000| PB 0x000000008ff00000| Complete 
| 150|0x0000000090000000, 0x0000000090100000, 0x0000000090100000|100%|HC|  |TAMS 0x0000000090000000| PB 0x0000000090000000| Complete 
| 151|0x0000000090100000, 0x0000000090200000, 0x0000000090200000|100%|HC|  |TAMS 0x0000000090100000| PB 0x0000000090100000| Complete 
| 152|0x0000000090200000, 0x0000000090300000, 0x0000000090300000|100%|HC|  |TAMS 0x0000000090200000| PB 0x0000000090200000| Complete 
| 153|0x0000000090300000, 0x0000000090400000, 0x0000000090400000|100%|HC|  |TAMS 0x0000000090300000| PB 0x0000000090300000| Complete 
| 154|0x0000000090400000, 0x0000000090500000, 0x0000000090500000|100%|HC|  |TAMS 0x0000000090400000| PB 0x0000000090400000| Complete 
| 155|0x0000000090500000, 0x0000000090600000, 0x0000000090600000|100%|HC|  |TAMS 0x0000000090500000| PB 0x0000000090500000| Complete 
|1940|0x00000000ffe00000, 0x00000000fff00000, 0x00000000fff00000|100%| O|  |TAMS 0x00000000ffe00000| PB 0x00000000ffe00000| Untracked 
|1941|0x00000000fff00000, 0x00000000fff0cbc8, 0x0000000100000000|  4%| O|Cm|TAMS 0x00000000fff00000| PB 0x00000000fff00000| Complete 

Card table byte_map: [0x00007f9fb6097000,0x00007f9fb6462000] _byte_map_base: 0x00007f9fb5c62000

Marking Bits: (CMBitMap*) 0x00007f9fb0086fa0
 Bits: [0x00007f9fb423f000, 0x00007f9fb6097000)

Polling page: 0x00007f9fb8a5b000

Metaspace:

Usage:
  Non-class:     10.45 MB used.
      Class:      1.13 MB used.
       Both:     11.58 MB used.

Virtual space:
  Non-class space:       64.00 MB reserved,      10.56 MB ( 17%) committed,  1 nodes.
      Class space:        1.00 GB reserved,       1.19 MB ( <1%) committed,  1 nodes.
             Both:        1.06 GB reserved,      11.75 MB (  1%) committed. 

Chunk freelists:
   Non-Class:  4.69 MB
       Class:  14.69 MB
        Both:  19.38 MB

MaxMetaspaceSize: unlimited
CompressedClassSpaceSize: 1.00 GB
Initial GC threshold: 21.00 MB
Current GC threshold: 21.00 MB
CDS: on
 - commit_granule_bytes: 65536.
 - commit_granule_words: 8192.
 - virtual_space_node_default_size: 8388608.
 - enlarge_chunks_in_place: 1.
 - use_allocation_guard: 0.


Internal statistics:

num_allocs_failed_limit: 0.
num_arena_births: 210.
num_arena_deaths: 0.
num_vsnodes_births: 2.
num_vsnodes_deaths: 0.
num_space_committed: 188.
num_space_uncommitted: 0.
num_chunks_returned_to_freelist: 0.
num_chunks_taken_from_freelist: 485.
num_chunk_merges: 0.
num_chunk_splits: 284.
num_chunks_enlarged: 163.
num_inconsistent_stats: 0.

CodeHeap 'non-profiled nmethods': size=120028Kb used=845Kb max_used=845Kb free=119182Kb
 bounds [0x00007f9fa02c9000, 0x00007f9fa0539000, 0x00007f9fa7800000]
CodeHeap 'profiled nmethods': size=120028Kb used=3562Kb max_used=3562Kb free=116465Kb
 bounds [0x00007f9f98800000, 0x00007f9f98b80000, 0x00007f9f9fd37000]
CodeHeap 'non-nmethods': size=5704Kb used=1611Kb max_used=1633Kb free=4092Kb
 bounds [0x00007f9f9fd37000, 0x00007f9f9ffa7000, 0x00007f9fa02c9000]
CodeCache: size=245760Kb, used=6018Kb, max_used=6040Kb, free=239739Kb
 total_blobs=2634, nmethods=1949, adapters=590, full_count=0
Compilation: enabled, stopped_count=0, restarted_count=0

Compilation events (20 events):
Event: 3.166 Thread 0x00007f9fb0168640 nmethod 1942 0x00007f9f98b77110 code [0x00007f9f98b772e0, 0x00007f9f98b77868]
Event: 3.166 Thread 0x00007f9fb0168640 1944       1       java.util.logging.LogManager$LoggerContext::getOwner (5 bytes)
Event: 3.166 Thread 0x00007f9fb0168640 nmethod 1944 0x00007f9fa0394a10 code [0x00007f9fa0394ba0, 0x00007f9fa0394c60]
Event: 3.176 Thread 0x00007f9fb0168640 1946       3       java.lang.StrictMath::floorOrCeil (128 bytes)
Event: 3.177 Thread 0x00007f9fb0168640 nmethod 1946 0x00007f9f98b77990 code [0x00007f9f98b77b60, 0x00007f9f98b77fb8]
Event: 3.179 Thread 0x00007f9fb0168640 1947       3       java.lang.Class::getReflectionFactory (28 bytes)
Event: 3.180 Thread 0x00007f9fb0168640 nmethod 1947 0x00007f9f98b78090 code [0x00007f9f98b782c0, 0x00007f9f98b78978]
Event: 3.192 Thread 0x00007f9fb0168640 1948       3       java.lang.ClassLoader::defineClass (43 bytes)
Event: 3.193 Thread 0x00007f9fb0168640 nmethod 1948 0x00007f9f98b78c10 code [0x00007f9f98b78e20, 0x00007f9f98b79320]
Event: 3.199 Thread 0x00007f9fb0166f80 nmethod 1921 0x00007f9fa0395010 code [0x00007f9fa0395dc0, 0x00007f9fa0398250]
Event: 3.199 Thread 0x00007f9fb0166f80 1930       4       jdk.internal.org.objectweb.asm.SymbolTable::addConstantUtf8 (98 bytes)
Event: 3.251 Thread 0x00007f9fb0168640 1949       3       sun.awt.image.IntegerInterleavedRaster::getDataElements (151 bytes)
Event: 3.252 Thread 0x00007f9fb0168640 nmethod 1949 0x00007f9f98b79590 code [0x00007f9f98b79780, 0x00007f9f98b79ef8]
Event: 3.252 Thread 0x00007f9fb0168640 1950       3       sun.awt.image.IntegerInterleavedRaster::setDataElements (134 bytes)
Event: 3.253 Thread 0x00007f9fb0168640 nmethod 1950 0x00007f9f98b7a110 code [0x00007f9f98b7a300, 0x00007f9f98b7a950]
Event: 3.278 Thread 0x00007f9fb0166f80 nmethod 1930 0x00007f9fa0399b10 code [0x00007f9fa0399d60, 0x00007f9fa039b0d0]
Event: 3.278 Thread 0x00007f9fb0166f80 1938       4       java.lang.PublicMethods$Key::matches (31 bytes)
Event: 3.282 Thread 0x00007f9fb0166f80 nmethod 1938 0x00007f9fa039b910 code [0x00007f9fa039bac0, 0x00007f9fa039bd08]
Event: 3.282 Thread 0x00007f9fb0166f80 1925       4       jdk.internal.org.objectweb.asm.Frame::push (109 bytes)
Event: 3.289 Thread 0x00007f9fb0166f80 nmethod 1925 0x00007f9fa039be90 code [0x00007f9fa039c020, 0x00007f9fa039c320]

GC Heap History (6 events):
Event: 1.458 GC heap before
{Heap before GC invocations=0 (full 0):
 garbage-first heap   total 126976K, used 62514K [0x0000000086a00000, 0x0000000100000000)
  region size 1024K, 23 young (23552K), 0 survivors (0K)
 Metaspace       used 7597K, committed 7808K, reserved 1114112K
  class space    used 768K, committed 832K, reserved 1048576K
}
Event: 1.478 GC heap after
{Heap after GC invocations=1 (full 0):
 garbage-first heap   total 126976K, used 46258K [0x0000000086a00000, 0x0000000100000000)
  region size 1024K, 3 young (3072K), 3 survivors (3072K)
 Metaspace       used 7597K, committed 7808K, reserved 1114112K
  class space    used 768K, committed 832K, reserved 1048576K
}
Event: 2.115 GC heap before
{Heap before GC invocations=1 (full 0):
 garbage-first heap   total 126976K, used 68786K [0x0000000086a00000, 0x0000000100000000)
  region size 1024K, 26 young (26624K), 3 survivors (3072K)
 Metaspace       used 8626K, committed 8896K, reserved 1114112K
  class space    used 836K, committed 960K, reserved 1048576K
}
Event: 2.141 GC heap after
{Heap after GC invocations=2 (full 0):
 garbage-first heap   total 126976K, used 55078K [0x0000000086a00000, 0x0000000100000000)
  region size 1024K, 4 young (4096K), 4 survivors (4096K)
 Metaspace       used 8626K, committed 8896K, reserved 1114112K
  class space    used 836K, committed 960K, reserved 1048576K
}
Event: 2.368 GC heap before
{Heap before GC invocations=2 (full 0):
 garbage-first heap   total 126976K, used 65318K [0x0000000086a00000, 0x0000000100000000)
  region size 1024K, 11 young (11264K), 4 survivors (4096K)
 Metaspace       used 10496K, committed 10752K, reserved 1114112K
  class space    used 1015K, committed 1152K, reserved 1048576K
}
Event: 2.378 GC heap after
{Heap after GC invocations=3 (full 0):
 garbage-first heap   total 126976K, used 60650K [0x0000000086a00000, 0x0000000100000000)
  region size 1024K, 1 young (1024K), 1 survivors (1024K)
 Metaspace       used 10496K, committed 10752K, reserved 1114112K
  class space    used 1015K, committed 1152K, reserved 1048576K
}

Dll operation events (13 events):
Event: 0.002 Loaded shared library /usr/lib/jvm/java-21-openjdk/lib/libjava.so
Event: 0.054 Loaded shared library /usr/lib/jvm/java-21-openjdk/lib/libjsvml.so
Event: 0.098 Loaded shared library /usr/lib/jvm/java-21-openjdk/lib/libnio.so
Event: 0.108 Loaded shared library /usr/lib/jvm/java-21-openjdk/lib/libzip.so
Event: 0.567 Loaded shared library /usr/lib/jvm/java-21-openjdk/lib/libjimage.so
Event: 0.753 Loaded shared library /usr/lib/jvm/java-21-openjdk/lib/libnet.so
Event: 0.957 Loaded shared library /usr/lib/jvm/java-21-openjdk/lib/libawt.so
Event: 0.963 Loaded shared library /usr/lib/jvm/java-21-openjdk/lib/libawt_xawt.so
Event: 0.979 Loaded shared library /usr/lib/jvm/java-21-openjdk/lib/libsystemconf.so
Event: 1.226 Loaded shared library /usr/lib/jvm/java-21-openjdk/lib/libfontmanager.so
Event: 2.251 Loaded shared library /usr/lib/jvm/java-21-openjdk/lib/libjavajpeg.so
Event: 2.288 Loaded shared library /usr/lib/jvm/java-21-openjdk/lib/liblcms.so
Event: 2.999 Loaded shared library /home/orochi/.cache/JNA/temp/jna15644301163772028608.tmp

Deoptimization events (20 events):
Event: 2.993 Thread 0x00007f9fb002f9d0 Uncommon trap: trap_request=0xffffffc6 fr.pc=0x00007f9fa035a628 relative=0x0000000000000348
Event: 2.993 Thread 0x00007f9fb002f9d0 Uncommon trap: reason=bimorphic_or_optimized_type_check action=maybe_recompile pc=0x00007f9fa035a628 method=java.util.HashMap.getNode(Ljava/lang/Object;)Ljava/util/HashMap$Node; @ 128 c2
Event: 2.993 Thread 0x00007f9fb002f9d0 DEOPT PACKING pc=0x00007f9fa035a628 sp=0x00007f9fb7307da0
Event: 2.993 Thread 0x00007f9fb002f9d0 DEOPT UNPACKING pc=0x00007f9f9fd8af99 sp=0x00007f9fb7307d28 mode 2
Event: 3.036 Thread 0x00007f9fb002f9d0 Uncommon trap: trap_request=0xffffff45 fr.pc=0x00007f9fa030631c relative=0x00000000000006bc
Event: 3.036 Thread 0x00007f9fb002f9d0 Uncommon trap: reason=unstable_if action=reinterpret pc=0x00007f9fa030631c method=java.lang.AbstractStringBuilder.append(Ljava/lang/String;)Ljava/lang/AbstractStringBuilder; @ 1 c2
Event: 3.036 Thread 0x00007f9fb002f9d0 DEOPT PACKING pc=0x00007f9fa030631c sp=0x00007f9fb7308a60
Event: 3.036 Thread 0x00007f9fb002f9d0 DEOPT UNPACKING pc=0x00007f9f9fd8af99 sp=0x00007f9fb73089e0 mode 2
Event: 3.042 Thread 0x00007f9fb002f9d0 Uncommon trap: trap_request=0xffffff45 fr.pc=0x00007f9fa0317bf4 relative=0x0000000000000254
Event: 3.042 Thread 0x00007f9fb002f9d0 Uncommon trap: reason=unstable_if action=reinterpret pc=0x00007f9fa0317bf4 method=jdk.internal.util.ArraysSupport.mismatch([BI[BII)I @ 55 c2
Event: 3.042 Thread 0x00007f9fb002f9d0 DEOPT PACKING pc=0x00007f9fa0317bf4 sp=0x00007f9fb7308800
Event: 3.042 Thread 0x00007f9fb002f9d0 DEOPT UNPACKING pc=0x00007f9f9fd8af99 sp=0x00007f9fb73087a0 mode 2
Event: 3.117 Thread 0x00007f9fb002f9d0 Uncommon trap: trap_request=0xffffff45 fr.pc=0x00007f9fa031f244 relative=0x0000000000000324
Event: 3.117 Thread 0x00007f9fb002f9d0 Uncommon trap: reason=unstable_if action=reinterpret pc=0x00007f9fa031f244 method=jdk.internal.org.objectweb.asm.SymbolTable.put(Ljdk/internal/org/objectweb/asm/SymbolTable$Entry;)Ljdk/internal/org/objectweb/asm/SymbolTable$Entry; @ 13 c2
Event: 3.118 Thread 0x00007f9fb002f9d0 DEOPT PACKING pc=0x00007f9fa031f244 sp=0x00007f9fb73085a0
Event: 3.118 Thread 0x00007f9fb002f9d0 DEOPT UNPACKING pc=0x00007f9f9fd8af99 sp=0x00007f9fb7308520 mode 2
Event: 3.264 Thread 0x00007f9fb002f9d0 Uncommon trap: trap_request=0xffffffc6 fr.pc=0x00007f9fa032cf14 relative=0x00000000000002d4
Event: 3.264 Thread 0x00007f9fb002f9d0 Uncommon trap: reason=bimorphic_or_optimized_type_check action=maybe_recompile pc=0x00007f9fa032cf14 method=java.nio.Buffer.<init>(IIIILjava/lang/foreign/MemorySegment;)V @ 39 c2
Event: 3.264 Thread 0x00007f9fb002f9d0 DEOPT PACKING pc=0x00007f9fa032cf14 sp=0x00007f9fb73092a0
Event: 3.264 Thread 0x00007f9fb002f9d0 DEOPT UNPACKING pc=0x00007f9f9fd8af99 sp=0x00007f9fb73091f0 mode 2

Classes loaded (20 events):
Event: 3.110 Loading class java/lang/reflect/ProxyGenerator$PrimitiveTypeInfo
Event: 3.110 Loading class java/lang/reflect/ProxyGenerator$PrimitiveTypeInfo done
Event: 3.112 Loading class jdk/internal/org/objectweb/asm/Edge
Event: 3.112 Loading class jdk/internal/org/objectweb/asm/Edge done
Event: 3.149 Loading class java/lang/reflect/UndeclaredThrowableException
Event: 3.149 Loading class java/lang/reflect/UndeclaredThrowableException done
Event: 3.155 Loading class java/lang/reflect/Proxy$ProxyBuilder$1
Event: 3.155 Loading class java/lang/reflect/Proxy$ProxyBuilder$1 done
Event: 3.165 Loading class java/lang/reflect/TypeVariable
Event: 3.165 Loading class java/lang/reflect/TypeVariable done
Event: 3.166 Loading class java/lang/reflect/AnnotatedType
Event: 3.166 Loading class java/lang/reflect/AnnotatedType done
Event: 3.166 Loading class java/lang/foreign/ValueLayout
Event: 3.166 Loading class java/lang/foreign/MemoryLayout
Event: 3.166 Loading class java/lang/foreign/MemoryLayout done
Event: 3.166 Loading class java/lang/foreign/ValueLayout done
Event: 3.167 Loading class java/lang/TypeNotPresentException
Event: 3.167 Loading class java/lang/TypeNotPresentException done
Event: 3.262 Loading class java/awt/image/ShortLookupTable
Event: 3.262 Loading class java/awt/image/ShortLookupTable done

Classes unloaded (0 events):
No events

Classes redefined (0 events):
No events

Internal exceptions (20 events):
Event: 0.932 Thread 0x00007f9fb002f9d0 Exception <a 'java/lang/NoSuchMethodError'{0x000000008d392448}: 'void java.lang.invoke.DirectMethodHandle$Holder.invokeVirtual(java.lang.Object, java.lang.Object, java.lang.Object, java.lang.Object)'> (0x000000008d392448) 
thrown [src/hotspot/share/interpreter/linkResolver.cpp, line 772]
Event: 0.947 Thread 0x00007f9fb002f9d0 Exception <a 'java/lang/NoSuchMethodError'{0x000000008d215ec0}: 'void java.lang.invoke.DirectMethodHandle$Holder.invokeStatic(java.lang.Object, java.lang.Object)'> (0x000000008d215ec0) 
thrown [src/hotspot/share/interpreter/linkResolver.cpp, line 772]
Event: 0.951 Thread 0x00007f9fb002f9d0 Exception <a 'java/lang/NoSuchMethodError'{0x000000008d2286a0}: 'long java.lang.invoke.DirectMethodHandle$Holder.invokeSpecial(java.lang.Object, java.lang.Object)'> (0x000000008d2286a0) 
thrown [src/hotspot/share/interpreter/linkResolver.cpp, line 772]
Event: 0.972 Thread 0x00007f9fb002f9d0 Exception <a 'java/lang/ClassNotFoundException'{0x000000008d260128}: sun/awt/resources/spi/awtProvider> (0x000000008d260128) 
thrown [src/hotspot/share/classfile/systemDictionary.cpp, line 313]
Event: 0.999 Thread 0x00007f9fb002f9d0 Exception <a 'java/io/FileNotFoundException'{0x000000008d2a0450}> (0x000000008d2a0450) 
thrown [src/hotspot/share/prims/jni.cpp, line 520]
Event: 1.011 Thread 0x00007f9fb002f9d0 Exception <a 'java/io/FileNotFoundException'{0x000000008d2c9228}> (0x000000008d2c9228) 
thrown [src/hotspot/share/prims/jni.cpp, line 520]
Event: 1.084 Thread 0x00007f9fb002f9d0 Exception <a 'java/lang/NoSuchMethodError'{0x000000008d1e2e70}: 'float java.lang.invoke.DirectMethodHandle$Holder.invokeStaticInit(java.lang.Object, float, float)'> (0x000000008d1e2e70) 
thrown [src/hotspot/share/interpreter/linkResolver.cpp, line 772]
Event: 1.373 Thread 0x00007f9fb002f9d0 Exception <a 'java/lang/NoSuchMethodError'{0x000000008ce85fb0}: 'int java.lang.invoke.DirectMethodHandle$Holder.invokeSpecial(java.lang.Object, java.lang.Object, java.lang.Object)'> (0x000000008ce85fb0) 
thrown [src/hotspot/share/interpreter/linkResolver.cpp, line 772]
Event: 1.440 Thread 0x00007f9fb002f9d0 Exception <a 'java/lang/NoSuchMethodError'{0x000000008cd904b8}: 'void java.lang.invoke.DirectMethodHandle$Holder.invokeStaticInit(java.lang.Object, java.lang.Object, java.lang.Object)'> (0x000000008cd904b8) 
thrown [src/hotspot/share/interpreter/linkResolver.cpp, line 772]
Event: 3.017 Thread 0x00007f9fb002f9d0 Exception <a 'java/lang/NoSuchMethodError'{0x000000008d7e0410}: 'java.lang.Object java.lang.invoke.DirectMethodHandle$Holder.invokeStatic(java.lang.Object, long, java.lang.Object)'> (0x000000008d7e0410) 
thrown [src/hotspot/share/interpreter/linkResolver.cpp, line 772]
Event: 3.017 Thread 0x00007f9fb002f9d0 Exception <a 'java/lang/NoSuchMethodError'{0x000000008d7e3aa8}: 'java.lang.Object java.lang.invoke.DirectMethodHandle$Holder.invokeStaticInit(java.lang.Object, long, java.lang.Object)'> (0x000000008d7e3aa8) 
thrown [src/hotspot/share/interpreter/linkResolver.cpp, line 772]
Event: 3.017 Thread 0x00007f9fb002f9d0 Exception <a 'java/lang/NoSuchMethodError'{0x000000008d7e9388}: 'java.lang.Object java.lang.invoke.DirectMethodHandle$Holder.newInvokeSpecial(java.lang.Object, long)'> (0x000000008d7e9388) 
thrown [src/hotspot/share/interpreter/linkResolver.cpp, line 772]
Event: 3.024 Thread 0x00007f9fb002f9d0 Exception <a 'java/lang/NoSuchMethodError'{0x000000008d7f16b0}: 'java.lang.Object java.lang.invoke.DirectMethodHandle$Holder.newInvokeSpecial(java.lang.Object, java.lang.Object, java.lang.Object, int)'> (0x000000008d7f16b0) 
thrown [src/hotspot/share/interpreter/linkResolver.cpp, line 772]
Event: 3.025 Thread 0x00007f9fb002f9d0 Exception <a 'java/lang/NoSuchMethodError'{0x000000008d7f58b8}: 'java.lang.Object java.lang.invoke.DirectMethodHandle$Holder.invokeSpecial(java.lang.Object, java.lang.Object, java.lang.Object, java.lang.Object, int)'> (0x000000008d7f58b8) 
thrown [src/hotspot/share/interpreter/linkResolver.cpp, line 772]
Event: 3.025 Thread 0x00007f9fb002f9d0 Exception <a 'java/lang/NoSuchMethodError'{0x000000008d7f9220}: 'java.lang.Object java.lang.invoke.Invokers$Holder.linkToTargetMethod(java.lang.Object, java.lang.Object, int, java.lang.Object)'> (0x000000008d7f9220) 
thrown [src/hotspot/share/interpreter/linkResolver.cpp, line 772]
Event: 3.030 Thread 0x00007f9fb002f9d0 Exception <a 'java/lang/NoSuchMethodError'{0x000000008d6054d8}: 'java.lang.Object java.lang.invoke.DirectMethodHandle$Holder.invokeStatic(java.lang.Object, java.lang.Object, int)'> (0x000000008d6054d8) 
thrown [src/hotspot/share/interpreter/linkResolver.cpp, line 772]
Event: 3.031 Thread 0x00007f9fb002f9d0 Exception <a 'java/lang/NoSuchMethodError'{0x000000008d60b148}: 'java.lang.Object java.lang.invoke.DirectMethodHandle$Holder.newInvokeSpecial(java.lang.Object, java.lang.Object, int)'> (0x000000008d60b148) 
thrown [src/hotspot/share/interpreter/linkResolver.cpp, line 772]
Event: 3.036 Thread 0x00007f9fb002f9d0 Implicit null exception at 0x00007f9fa0305ca2 to 0x00007f9fa0306304
Event: 3.037 Thread 0x00007f9fb002f9d0 Exception <a 'java/lang/UnsatisfiedLinkError'{0x000000008d660148}: libtesseract.so: cannot open shared object file: No such file or directory> (0x000000008d660148) 
thrown [src/hotspot/share/prims/jni.cpp, line 539]
Event: 3.037 Thread 0x00007f9fb002f9d0 Exception <a 'java/lang/UnsatisfiedLinkError'{0x000000008d661130}: libtesseract.so: cannot open shared object file: No such file or directory> (0x000000008d661130) 
thrown [src/hotspot/share/prims/jni.cpp, line 539]

ZGC Phase Switch (0 events):
No events

VM Operations (20 events):
Event: 1.236 Executing safepoint VM operation: Cleanup
Event: 1.236 Executing safepoint VM operation: Cleanup done
Event: 1.281 Executing non-safepoint VM operation: HandshakeAllThreads (Deoptimize)
Event: 1.281 Executing non-safepoint VM operation: HandshakeAllThreads (Deoptimize) done
Event: 1.290 Executing non-safepoint VM operation: HandshakeAllThreads (Deoptimize)
Event: 1.290 Executing non-safepoint VM operation: HandshakeAllThreads (Deoptimize) done
Event: 1.458 Executing safepoint VM operation: G1CollectForAllocation (G1 Evacuation Pause)
Event: 1.478 Executing safepoint VM operation: G1CollectForAllocation (G1 Evacuation Pause) done
Event: 2.115 Executing safepoint VM operation: G1CollectForAllocation (G1 Evacuation Pause)
Event: 2.141 Executing safepoint VM operation: G1CollectForAllocation (G1 Evacuation Pause) done
Event: 2.202 Executing non-safepoint VM operation: HandshakeAllThreads (Deoptimize)
Event: 2.202 Executing non-safepoint VM operation: HandshakeAllThreads (Deoptimize) done
Event: 2.367 Executing safepoint VM operation: G1TryInitiateConcMark (G1 Humongous Allocation)
Event: 2.378 Executing safepoint VM operation: G1TryInitiateConcMark (G1 Humongous Allocation) done
Event: 2.389 Executing safepoint VM operation: G1PauseRemark
Event: 2.392 Executing safepoint VM operation: G1PauseRemark done
Event: 2.400 Executing safepoint VM operation: G1PauseCleanup
Event: 2.400 Executing safepoint VM operation: G1PauseCleanup done
Event: 3.026 Executing non-safepoint VM operation: HandshakeAllThreads (Deoptimize)
Event: 3.026 Executing non-safepoint VM operation: HandshakeAllThreads (Deoptimize) done

Memory protections (13 events):
Event: 0.002 Protecting memory [0x00007f9fb720b000,0x00007f9fb720f000] with protection modes 0
Event: 0.049 Protecting memory [0x00007f9f89879000,0x00007f9f8987d000] with protection modes 0
Event: 0.049 Protecting memory [0x00007f9f89779000,0x00007f9f8977d000] with protection modes 0
Event: 0.050 Protecting memory [0x00007f9f89679000,0x00007f9f8967d000] with protection modes 0
Event: 0.051 Protecting memory [0x00007f9f89579000,0x00007f9f8957d000] with protection modes 0
Event: 0.051 Protecting memory [0x00007f9f89479000,0x00007f9f8947d000] with protection modes 0
Event: 0.051 Protecting memory [0x00007f9f89379000,0x00007f9f8937d000] with protection modes 0
Event: 0.052 Protecting memory [0x00007f9f89279000,0x00007f9f8927d000] with protection modes 0
Event: 0.091 Protecting memory [0x00007f9f890a9000,0x00007f9f890ad000] with protection modes 0
Event: 0.094 Protecting memory [0x00007f9f88fa9000,0x00007f9f88fad000] with protection modes 0
Event: 1.288 Protecting memory [0x00007f9f8878e000,0x00007f9f88792000] with protection modes 0
Event: 3.032 Protecting memory [0x00007f9f8809a000,0x00007f9f8809e000] with protection modes 0
Event: 3.085 Protecting memory [0x00007f9f352d1000,0x00007f9f352d5000] with protection modes 0

Nmethod flushes (0 events):
No events

Events (13 events):
Event: 0.032 Thread 0x00007f9fb002f9d0 Thread added: 0x00007f9fb002f9d0
Event: 0.049 Thread 0x00007f9fb002f9d0 Thread added: 0x00007f9fb015fb20
Event: 0.049 Thread 0x00007f9fb002f9d0 Thread added: 0x00007f9fb0161090
Event: 0.050 Thread 0x00007f9fb002f9d0 Thread added: 0x00007f9fb0162860
Event: 0.050 Thread 0x00007f9fb002f9d0 Thread added: 0x00007f9fb0163ea0
Event: 0.051 Thread 0x00007f9fb002f9d0 Thread added: 0x00007f9fb0165440
Event: 0.051 Thread 0x00007f9fb002f9d0 Thread added: 0x00007f9fb0166f80
Event: 0.051 Thread 0x00007f9fb002f9d0 Thread added: 0x00007f9fb0168640
Event: 0.089 Thread 0x00007f9fb002f9d0 Thread added: 0x00007f9fb0174de0
Event: 0.094 Thread 0x00007f9fb002f9d0 Thread added: 0x00007f9fb0178050
Event: 1.288 Thread 0x00007f9fb002f9d0 Thread added: 0x00007f9fb0954ca0
Event: 3.032 Thread 0x00007f9fb002f9d0 Thread added: 0x00007f9fb0a87250
Event: 3.085 Thread 0x00007f9fb002f9d0 Thread added: 0x00007f9fb0aafca0


Dynamic libraries:
86a00000-90600000 rw-p 00000000 00:00 0 
90600000-ffe00000 ---p 00000000 00:00 0 
ffe00000-fff0d000 rw-p 00cdc000 00:22 812172                             /usr/lib/jvm/java-21-openjdk/lib/server/classes.jsa
fff0d000-100000000 rw-p 00000000 00:00 0 
55d84c5e5000-55d84c5e6000 r-xp 00000000 00:22 811804                     /usr/lib/jvm/java-21-openjdk/bin/java
55d84c5e6000-55d84c5e7000 r--p 00001000 00:22 811804                     /usr/lib/jvm/java-21-openjdk/bin/java
55d84c5e7000-55d84c5e8000 r--p 00001000 00:22 811804                     /usr/lib/jvm/java-21-openjdk/bin/java
55d84c5e8000-55d84c5e9000 rw-p 00002000 00:22 811804                     /usr/lib/jvm/java-21-openjdk/bin/java
55d888792000-55d8887dc000 rw-p 00000000 00:00 0                          [heap]
7f9ed4000000-7f9ed4021000 rw-p 00000000 00:00 0 
7f9ed4021000-7f9ed8000000 ---p 00000000 00:00 0 
7f9ed8000000-7f9ed8021000 rw-p 00000000 00:00 0 
7f9ed8021000-7f9edc000000 ---p 00000000 00:00 0 
7f9edc000000-7f9edc021000 rw-p 00000000 00:00 0 
7f9edc021000-7f9ee0000000 ---p 00000000 00:00 0 
7f9ee0000000-7f9ee0021000 rw-p 00000000 00:00 0 
7f9ee0021000-7f9ee4000000 ---p 00000000 00:00 0 
7f9ee4000000-7f9ee4021000 rw-p 00000000 00:00 0 
7f9ee4021000-7f9ee8000000 ---p 00000000 00:00 0 
7f9ee8000000-7f9ee8021000 rw-p 00000000 00:00 0 
7f9ee8021000-7f9eec000000 ---p 00000000 00:00 0 
7f9eec000000-7f9eec021000 rw-p 00000000 00:00 0 
7f9eec021000-7f9ef0000000 ---p 00000000 00:00 0 
7f9ef0000000-7f9ef0021000 rw-p 00000000 00:00 0 
7f9ef0021000-7f9ef4000000 ---p 00000000 00:00 0 
7f9ef4000000-7f9ef4021000 rw-p 00000000 00:00 0 
7f9ef4021000-7f9ef8000000 ---p 00000000 00:00 0 
7f9ef8000000-7f9ef8021000 rw-p 00000000 00:00 0 
7f9ef8021000-7f9efc000000 ---p 00000000 00:00 0 
7f9efc000000-7f9efc021000 rw-p 00000000 00:00 0 
7f9efc021000-7f9f00000000 ---p 00000000 00:00 0 
7f9f00000000-7f9f00021000 rw-p 00000000 00:00 0 
7f9f00021000-7f9f04000000 ---p 00000000 00:00 0 
7f9f04000000-7f9f0487e000 rw-p 00000000 00:00 0 
7f9f0487e000-7f9f08000000 ---p 00000000 00:00 0 
7f9f08000000-7f9f083f8000 rw-p 00000000 00:00 0 
7f9f083f8000-7f9f0c000000 ---p 00000000 00:00 0 
7f9f0c000000-7f9f0c021000 rw-p 00000000 00:00 0 
7f9f0c021000-7f9f10000000 ---p 00000000 00:00 0 
7f9f10000000-7f9f10021000 rw-p 00000000 00:00 0 
7f9f10021000-7f9f14000000 ---p 00000000 00:00 0 
7f9f14000000-7f9f14021000 rw-p 00000000 00:00 0 
7f9f14021000-7f9f18000000 ---p 00000000 00:00 0 
7f9f18000000-7f9f18021000 rw-p 00000000 00:00 0 
7f9f18021000-7f9f1c000000 ---p 00000000 00:00 0 
7f9f1c000000-7f9f1c021000 rw-p 00000000 00:00 0 
7f9f1c021000-7f9f20000000 ---p 00000000 00:00 0 
7f9f22000000-7f9f2fe70000 r--p 00000000 00:22 243387                     /usr/lib/locale/locale-archive
7f9f30000000-7f9f30021000 rw-p 00000000 00:00 0 
7f9f30021000-7f9f34000000 ---p 00000000 00:00 0 
7f9f352d1000-7f9f352d5000 ---p 00000000 00:00 0 
7f9f352d5000-7f9f353d1000 rw-p 00000000 00:00 0 
7f9f353d1000-7f9f3544f000 r-xp 00000000 00:22 284280                     /usr/lib64/libpcre2-8.so.0.15.0
7f9f3544f000-7f9f3547c000 r--p 0007e000 00:22 284280                     /usr/lib64/libpcre2-8.so.0.15.0
7f9f3547c000-7f9f3547d000 r--p 000aa000 00:22 284280                     /usr/lib64/libpcre2-8.so.0.15.0
7f9f3547d000-7f9f3547e000 rw-p 000ab000 00:22 284280                     /usr/lib64/libpcre2-8.so.0.15.0
7f9f3547e000-7f9f3549e000 r-xp 00000000 00:22 44745                      /usr/lib64/libselinux.so.1
7f9f3549e000-7f9f354ab000 r--p 00020000 00:22 44745                      /usr/lib64/libselinux.so.1
7f9f354ab000-7f9f354ac000 r--p 0002d000 00:22 44745                      /usr/lib64/libselinux.so.1
7f9f354ac000-7f9f354ad000 rw-p 0002e000 00:22 44745                      /usr/lib64/libselinux.so.1
7f9f354ad000-7f9f354af000 rw-p 00000000 00:00 0 
7f9f354af000-7f9f354c8000 r-xp 00000000 00:22 243713                     /usr/lib64/libcrypt.so.2.0.0
7f9f354c8000-7f9f354e2000 r--p 00019000 00:22 243713                     /usr/lib64/libcrypt.so.2.0.0
7f9f354e2000-7f9f354e3000 r--p 00032000 00:22 243713                     /usr/lib64/libcrypt.so.2.0.0
7f9f354e3000-7f9f354e4000 rw-p 00000000 00:00 0 
7f9f354e4000-7f9f354ec000 r-xp 00000000 00:22 44308                      /usr/lib64/libjbig.so.2.1
7f9f354ec000-7f9f354ee000 r--p 00008000 00:22 44308                      /usr/lib64/libjbig.so.2.1
7f9f354ee000-7f9f354ef000 r--p 00009000 00:22 44308                      /usr/lib64/libjbig.so.2.1
7f9f354ef000-7f9f354f2000 rw-p 0000a000 00:22 44308                      /usr/lib64/libjbig.so.2.1
7f9f354f2000-7f9f35575000 r-xp 00000000 00:22 42577                      /usr/lib64/libLerc.so.4
7f9f35575000-7f9f35585000 r--p 00083000 00:22 42577                      /usr/lib64/libLerc.so.4
7f9f35585000-7f9f35586000 r--p 00092000 00:22 42577                      /usr/lib64/libLerc.so.4
7f9f35586000-7f9f35587000 rw-p 00093000 00:22 42577                      /usr/lib64/libLerc.so.4
7f9f35587000-7f9f35637000 r-xp 00000000 00:22 45093                      /usr/lib64/libzstd.so.1.5.7
7f9f35637000-7f9f35648000 r--p 000b0000 00:22 45093                      /usr/lib64/libzstd.so.1.5.7
7f9f35648000-7f9f35649000 r--p 000c0000 00:22 45093                      /usr/lib64/libzstd.so.1.5.7
7f9f35649000-7f9f3564a000 rw-p 00000000 00:00 0 
7f9f3564a000-7f9f35653000 r-xp 00000000 00:22 242798                     /usr/lib64/libresolv.so.2
7f9f35653000-7f9f35658000 r--p 00009000 00:22 242798                     /usr/lib64/libresolv.so.2
7f9f35658000-7f9f35659000 r--p 0000d000 00:22 242798                     /usr/lib64/libresolv.so.2
7f9f35659000-7f9f3565a000 rw-p 0000e000 00:22 242798                     /usr/lib64/libresolv.so.2
7f9f3565a000-7f9f3565c000 rw-p 00000000 00:00 0 
7f9f3565c000-7f9f35664000 r-xp 00000000 00:22 296784                     /usr/lib64/libkrb5support.so.0.1
7f9f35664000-7f9f3566a000 r--p 00008000 00:22 296784                     /usr/lib64/libkrb5support.so.0.1
7f9f3566a000-7f9f3566b000 r--p 0000d000 00:22 296784                     /usr/lib64/libkrb5support.so.0.1
7f9f3566b000-7f9f3566c000 rw-p 0000e000 00:22 296784                     /usr/lib64/libkrb5support.so.0.1
7f9f3566c000-7f9f356dc000 r-xp 00000000 00:22 296782                     /usr/lib64/libkrb5.so.3.3
7f9f356dc000-7f9f35727000 r--p 00070000 00:22 296782                     /usr/lib64/libkrb5.so.3.3
7f9f35727000-7f9f35735000 r--p 000bb000 00:22 296782                     /usr/lib64/libkrb5.so.3.3
7f9f35735000-7f9f35737000 rw-p 000c9000 00:22 296782                     /usr/lib64/libkrb5.so.3.3
7f9f35737000-7f9f35771000 r-xp 00000000 00:22 44915                      /usr/lib64/libunistring.so.5.0.0
7f9f35771000-7f9f358df000 r--p 0003a000 00:22 44915                      /usr/lib64/libunistring.so.5.0.0
7f9f358df000-7f9f358e3000 r--p 001a7000 00:22 44915                      /usr/lib64/libunistring.so.5.0.0
7f9f358e3000-7f9f358e4000 rw-p 001ab000 00:22 44915                      /usr/lib64/libunistring.so.5.0.0
7f9f358e4000-7f9f35955000 r-xp 00000000 00:22 45005                      /usr/lib64/libwebp.so.7.2.0
7f9f35955000-7f9f35967000 r--p 00071000 00:22 45005                      /usr/lib64/libwebp.so.7.2.0
7f9f35967000-7f9f35968000 r--p 00082000 00:22 45005                      /usr/lib64/libwebp.so.7.2.0
7f9f35968000-7f9f35969000 rw-p 00083000 00:22 45005                      /usr/lib64/libwebp.so.7.2.0
7f9f35969000-7f9f3596a000 rw-p 00000000 00:00 0 
7f9f3596a000-7f9f359c3000 r-xp 00000000 00:22 243504                     /usr/lib64/libtiff.so.6.2.0
7f9f359c3000-7f9f359fa000 r--p 00059000 00:22 243504                     /usr/lib64/libtiff.so.6.2.0
7f9f359fa000-7f9f359ff000 r--p 0008f000 00:22 243504                     /usr/lib64/libtiff.so.6.2.0
7f9f359ff000-7f9f35a00000 rw-p 00094000 00:22 243504                     /usr/lib64/libtiff.so.6.2.0
7f9f35a00000-7f9f35d67000 r-xp 00000000 00:22 295773                     /usr/lib64/libcrypto.so.3.5.4
7f9f35d67000-7f9f35ec3000 r--p 00367000 00:22 295773                     /usr/lib64/libcrypto.so.3.5.4
7f9f35ec3000-7f9f35f3a000 r--p 004c3000 00:22 295773                     /usr/lib64/libcrypto.so.3.5.4
7f9f35f3a000-7f9f35f3d000 rw-p 0053a000 00:22 295773                     /usr/lib64/libcrypto.so.3.5.4
7f9f35f3d000-7f9f35f40000 rw-p 00000000 00:00 0 
7f9f35f46000-7f9f35f54000 r-xp 00000000 00:22 296776                     /usr/lib64/libk5crypto.so.3.1
7f9f35f54000-7f9f35f5b000 r--p 0000e000 00:22 296776                     /usr/lib64/libk5crypto.so.3.1
7f9f35f5b000-7f9f35f5d000 r--p 00014000 00:22 296776                     /usr/lib64/libk5crypto.so.3.1
7f9f35f5d000-7f9f35f5e000 rw-p 00000000 00:00 0 
7f9f35f5e000-7f9f35fd5000 r-xp 00000000 00:22 243453                     /usr/lib64/libjpeg.so.62.4.0
7f9f35fd5000-7f9f35ffe000 r--p 00077000 00:22 243453                     /usr/lib64/libjpeg.so.62.4.0
7f9f35ffe000-7f9f35fff000 r--p 0009f000 00:22 243453                     /usr/lib64/libjpeg.so.62.4.0
7f9f35fff000-7f9f36000000 rw-p 00000000 00:00 0 
7f9f36000000-7f9f36141000 r-xp 00000000 00:22 243397                     /usr/lib64/libstdc++.so.6.0.34
7f9f36141000-7f9f36261000 r--p 00141000 00:22 243397                     /usr/lib64/libstdc++.so.6.0.34
7f9f36261000-7f9f36272000 r--p 00260000 00:22 243397                     /usr/lib64/libstdc++.so.6.0.34
7f9f36272000-7f9f36273000 rw-p 00271000 00:22 243397                     /usr/lib64/libstdc++.so.6.0.34
7f9f36273000-7f9f36277000 rw-p 00000000 00:00 0 
7f9f3627b000-7f9f3627f000 r-xp 00000000 00:22 44752                      /usr/lib64/libsharpyuv.so.0.1.2
7f9f3627f000-7f9f36280000 r--p 00004000 00:22 44752                      /usr/lib64/libsharpyuv.so.0.1.2
7f9f36280000-7f9f36281000 r--p 00005000 00:22 44752                      /usr/lib64/libsharpyuv.so.0.1.2
7f9f36281000-7f9f36282000 rw-p 00006000 00:22 44752                      /usr/lib64/libsharpyuv.so.0.1.2
7f9f36282000-7f9f36283000 rw-p 00000000 00:00 0 
7f9f36283000-7f9f362b9000 r-xp 00000000 00:22 44018                      /usr/lib64/libevent-2.1.so.7.0.1
7f9f362b9000-7f9f362d7000 r--p 00036000 00:22 44018                      /usr/lib64/libevent-2.1.so.7.0.1
7f9f362d7000-7f9f362d9000 r--p 00053000 00:22 44018                      /usr/lib64/libevent-2.1.so.7.0.1
7f9f362d9000-7f9f362da000 rw-p 00055000 00:22 44018                      /usr/lib64/libevent-2.1.so.7.0.1
7f9f362da000-7f9f36305000 r-xp 00000000 00:22 243462                     /usr/lib64/libpng16.so.16.55.0
7f9f36305000-7f9f36313000 r--p 0002b000 00:22 243462                     /usr/lib64/libpng16.so.16.55.0
7f9f36313000-7f9f36314000 r--p 00038000 00:22 243462                     /usr/lib64/libpng16.so.16.55.0
7f9f36314000-7f9f36315000 rw-p 00000000 00:00 0 
7f9f36315000-7f9f363bb000 r-xp 00000000 00:22 295775                     /usr/lib64/libssl.so.3.5.4
7f9f363bb000-7f9f363f2000 r--p 000a6000 00:22 295775                     /usr/lib64/libssl.so.3.5.4
7f9f363f2000-7f9f363fc000 r--p 000dd000 00:22 295775                     /usr/lib64/libssl.so.3.5.4
7f9f363fc000-7f9f36400000 rw-p 000e7000 00:22 295775                     /usr/lib64/libssl.so.3.5.4
7f9f36400000-7f9f36612000 r-xp 00000000 00:22 286670                     /usr/lib64/libleptonica.so.6.0.0
7f9f36612000-7f9f366c8000 r--p 00212000 00:22 286670                     /usr/lib64/libleptonica.so.6.0.0
7f9f366c8000-7f9f366cd000 r--p 002c7000 00:22 286670                     /usr/lib64/libleptonica.so.6.0.0
7f9f366cd000-7f9f366d2000 rw-p 002cc000 00:22 286670                     /usr/lib64/libleptonica.so.6.0.0
7f9f366d7000-7f9f366eb000 r-xp 00000000 00:22 44737                      /usr/lib64/libsasl2.so.3.0.0
7f9f366eb000-7f9f366f4000 r--p 00014000 00:22 44737                      /usr/lib64/libsasl2.so.3.0.0
7f9f366f4000-7f9f366f5000 r--p 0001c000 00:22 44737                      /usr/lib64/libsasl2.so.3.0.0
7f9f366f5000-7f9f366f6000 rw-p 0001d000 00:22 44737                      /usr/lib64/libsasl2.so.3.0.0
7f9f366f6000-7f9f366fe000 r-xp 00000000 00:22 45008                      /usr/lib64/libwebpmux.so.3.1.2
7f9f366fe000-7f9f36701000 r--p 00008000 00:22 45008                      /usr/lib64/libwebpmux.so.3.1.2
7f9f36701000-7f9f36702000 r--p 0000a000 00:22 45008                      /usr/lib64/libwebpmux.so.3.1.2
7f9f36702000-7f9f36703000 rw-p 00000000 00:00 0 
7f9f36703000-7f9f3671f000 r-xp 00000000 00:22 558220                     /usr/lib64/libz.so.1.3.1.zlib-ng
7f9f3671f000-7f9f36729000 r--p 0001c000 00:22 558220                     /usr/lib64/libz.so.1.3.1.zlib-ng
7f9f36729000-7f9f3672a000 r--p 00026000 00:22 558220                     /usr/lib64/libz.so.1.3.1.zlib-ng
7f9f3672a000-7f9f3672b000 rw-p 00027000 00:22 558220                     /usr/lib64/libz.so.1.3.1.zlib-ng
7f9f3672b000-7f9f3676b000 r-xp 00000000 00:22 296772                     /usr/lib64/libgssapi_krb5.so.2.2
7f9f3676b000-7f9f3677e000 r--p 00040000 00:22 296772                     /usr/lib64/libgssapi_krb5.so.2.2
7f9f3677e000-7f9f36781000 r--p 00052000 00:22 296772                     /usr/lib64/libgssapi_krb5.so.2.2
7f9f36781000-7f9f36782000 rw-p 00055000 00:22 296772                     /usr/lib64/libgssapi_krb5.so.2.2
7f9f36782000-7f9f367d5000 r-xp 00000000 00:22 303959                     /usr/lib64/libssh.so.4.10.4
7f9f367d5000-7f9f367fc000 r--p 00053000 00:22 303959                     /usr/lib64/libssh.so.4.10.4
7f9f367fc000-7f9f367fe000 r--p 0007a000 00:22 303959                     /usr/lib64/libssh.so.4.10.4
7f9f367fe000-7f9f36800000 rw-p 0007c000 00:22 303959                     /usr/lib64/libssh.so.4.10.4
7f9f36800000-7f9f36a3c000 r-xp 00000000 00:22 306603                     /usr/lib64/libtesseract.so.5.5.2
7f9f36a3c000-7f9f36b2c000 r--p 0023c000 00:22 306603                     /usr/lib64/libtesseract.so.5.5.2
7f9f36b2c000-7f9f36b34000 r--p 0032b000 00:22 306603                     /usr/lib64/libtesseract.so.5.5.2
7f9f36b34000-7f9f36b35000 rw-p 00333000 00:22 306603                     /usr/lib64/libtesseract.so.5.5.2
7f9f36b35000-7f9f36b38000 rw-p 00000000 00:00 0 
7f9f36b3c000-7f9f36b43000 r-xp 00000000 00:22 44131                      /usr/lib64/libgif.so.7.1.0
7f9f36b43000-7f9f36b47000 r--p 00007000 00:22 44131                      /usr/lib64/libgif.so.7.1.0
7f9f36b47000-7f9f36b48000 r--p 0000a000 00:22 44131                      /usr/lib64/libgif.so.7.1.0
7f9f36b48000-7f9f36b49000 rw-p 00000000 00:00 0 
7f9f36b49000-7f9f36b8a000 r-xp 00000000 00:22 667985                     /usr/lib64/libldap.so.2.0.200
7f9f36b8a000-7f9f36baa000 r--p 00041000 00:22 667985                     /usr/lib64/libldap.so.2.0.200
7f9f36baa000-7f9f36bad000 r--p 00060000 00:22 667985                     /usr/lib64/libldap.so.2.0.200
7f9f36bad000-7f9f36bae000 rw-p 00063000 00:22 667985                     /usr/lib64/libldap.so.2.0.200
7f9f36bae000-7f9f36bb0000 rw-p 00000000 00:00 0 
7f9f36bb0000-7f9f36bb5000 r-xp 00000000 00:22 44255                      /usr/lib64/libidn2.so.0.4.0
7f9f36bb5000-7f9f36bfd000 r--p 00005000 00:22 44255                      /usr/lib64/libidn2.so.0.4.0
7f9f36bfd000-7f9f36bff000 r--p 0004c000 00:22 44255                      /usr/lib64/libidn2.so.0.4.0
7f9f36bff000-7f9f36c00000 rw-p 00000000 00:00 0 
7f9f36c00000-7f9f36c1e000 r-xp 00000000 00:22 1337079                    /home/orochi/.cache/JNA/temp/jna15644301163772028608.tmp (deleted)
7f9f36c1e000-7f9f36e1d000 ---p 0001e000 00:22 1337079                    /home/orochi/.cache/JNA/temp/jna15644301163772028608.tmp (deleted)
7f9f36e1d000-7f9f36e1e000 rw-p 0001d000 00:22 1337079                    /home/orochi/.cache/JNA/temp/jna15644301163772028608.tmp (deleted)
7f9f36e1e000-7f9f36e1f000 rw-p 00000000 00:00 0 
7f9f36e20000-7f9f36ec9000 r-xp 00000000 00:22 303970                     /usr/lib64/libcurl.so.4.8.0
7f9f36ec9000-7f9f36ef7000 r--p 000a9000 00:22 303970                     /usr/lib64/libcurl.so.4.8.0
7f9f36ef7000-7f9f36efe000 r--p 000d6000 00:22 303970                     /usr/lib64/libcurl.so.4.8.0
7f9f36efe000-7f9f36eff000 rw-p 000dd000 00:22 303970                     /usr/lib64/libcurl.so.4.8.0
7f9f36eff000-7f9f37000000 rw-p 00000000 00:00 0 
7f9f37000000-7f9f37400000 rw-p 00000000 00:00 0 
7f9f37400000-7f9f37760000 rw-p 00000000 00:00 0 
7f9f37760000-7f9f37780000 rw-p 00000000 00:00 0 
7f9f37780000-7f9f37900000 rw-p 00000000 00:00 0 
7f9f37900000-7f9f37980000 rw-p 00000000 00:00 0 
7f9f37980000-7f9f37a00000 rw-p 00000000 00:00 0 
7f9f37a00000-7f9f37a50000 rw-p 00000000 00:00 0 
7f9f37a50000-7f9f37b00000 ---p 00000000 00:00 0 
7f9f37b00000-7f9f37b40000 rw-p 00000000 00:00 0 
7f9f37b40000-7f9f3b000000 ---p 00000000 00:00 0 
7f9f3b000000-7f9f3bc9d000 rw-p 00001000 00:22 812172                     /usr/lib/jvm/java-21-openjdk/lib/server/classes.jsa
7f9f3bc9d000-7f9f3c000000 ---p 00000000 00:00 0 
7f9f3c000000-7f9f3c040000 rw-p 00000000 00:00 0 
7f9f3c040000-7f9f3c080000 rw-p 00000000 00:00 0 
7f9f3c080000-7f9f3c0c0000 rw-p 00000000 00:00 0 
7f9f3c0c0000-7f9f3c110000 rw-p 00000000 00:00 0 
7f9f3c110000-7f9f3c140000 ---p 00000000 00:00 0 
7f9f3c140000-7f9f3c160000 rw-p 00000000 00:00 0 
7f9f3c160000-7f9f7c000000 ---p 00000000 00:00 0 
7f9f7c000000-7f9f7c021000 rw-p 00000000 00:00 0 
7f9f7c021000-7f9f80000000 ---p 00000000 00:00 0 
7f9f80000000-7f9f80021000 rw-p 00000000 00:00 0 
7f9f80021000-7f9f84000000 ---p 00000000 00:00 0 
7f9f84000000-7f9f84021000 rw-p 00000000 00:00 0 
7f9f84021000-7f9f88000000 ---p 00000000 00:00 0 
7f9f88001000-7f9f88002000 r-xp 00000000 00:22 245063                     /usr/lib64/libbrotlicommon.so.1.2.0
7f9f88002000-7f9f88022000 r--p 00001000 00:22 245063                     /usr/lib64/libbrotlicommon.so.1.2.0
7f9f88022000-7f9f88023000 r--p 00020000 00:22 245063                     /usr/lib64/libbrotlicommon.so.1.2.0
7f9f88023000-7f9f88024000 rw-p 00000000 00:00 0 
7f9f88024000-7f9f8802d000 r-xp 00000000 00:22 245065                     /usr/lib64/libbrotlidec.so.1.2.0
7f9f8802d000-7f9f88030000 r--p 00009000 00:22 245065                     /usr/lib64/libbrotlidec.so.1.2.0
7f9f88030000-7f9f88031000 r--p 0000c000 00:22 245065                     /usr/lib64/libbrotlidec.so.1.2.0
7f9f88031000-7f9f88032000 rw-p 00000000 00:00 0 
7f9f88032000-7f9f88035000 r-xp 00000000 00:22 44675                      /usr/lib64/libpsl.so.5.3.5
7f9f88035000-7f9f88044000 r--p 00003000 00:22 44675                      /usr/lib64/libpsl.so.5.3.5
7f9f88044000-7f9f88045000 r--p 00011000 00:22 44675                      /usr/lib64/libpsl.so.5.3.5
7f9f88045000-7f9f88046000 rw-p 00000000 00:00 0 
7f9f88046000-7f9f8805b000 r-xp 00000000 00:22 44506                      /usr/lib64/libnghttp2.so.14.28.5
7f9f8805b000-7f9f8806a000 r--p 00015000 00:22 44506                      /usr/lib64/libnghttp2.so.14.28.5
7f9f8806a000-7f9f8806d000 r--p 00024000 00:22 44506                      /usr/lib64/libnghttp2.so.14.28.5
7f9f8806d000-7f9f8806e000 rw-p 00027000 00:22 44506                      /usr/lib64/libnghttp2.so.14.28.5
7f9f8806e000-7f9f88091000 r-xp 00000000 00:22 242738                     /usr/lib64/libgcc_s-15-20260123.so.1
7f9f88091000-7f9f88098000 r--p 00023000 00:22 242738                     /usr/lib64/libgcc_s-15-20260123.so.1
7f9f88098000-7f9f88099000 r--p 0002a000 00:22 242738                     /usr/lib64/libgcc_s-15-20260123.so.1
7f9f88099000-7f9f8809a000 rw-p 00000000 00:00 0 
7f9f8809a000-7f9f8809e000 ---p 00000000 00:00 0 
7f9f8809e000-7f9f882be000 rw-p 00000000 00:00 0 
7f9f882c4000-7f9f882c6000 r-xp 00000000 00:22 44349                      /usr/lib64/libkeyutils.so.1.10
7f9f882c6000-7f9f882c8000 r--p 00002000 00:22 44349                      /usr/lib64/libkeyutils.so.1.10
7f9f882c8000-7f9f882c9000 r--p 00004000 00:22 44349                      /usr/lib64/libkeyutils.so.1.10
7f9f882c9000-7f9f882ca000 rw-p 00000000 00:00 0 
7f9f882ca000-7f9f882d3000 r-xp 00000000 00:22 667983                     /usr/lib64/liblber.so.2.0.200
7f9f882d3000-7f9f882d9000 r--p 00009000 00:22 667983                     /usr/lib64/liblber.so.2.0.200
7f9f882d9000-7f9f882da000 r--p 0000f000 00:22 667983                     /usr/lib64/liblber.so.2.0.200
7f9f882da000-7f9f882db000 rw-p 00010000 00:22 667983                     /usr/lib64/liblber.so.2.0.200
7f9f882db000-7f9f883dc000 rw-p 00000000 00:00 0 
7f9f883dc000-7f9f8843d000 r-xp 00000000 00:22 812151                     /usr/lib/jvm/java-21-openjdk/lib/liblcms.so
7f9f8843d000-7f9f8844d000 r--p 00061000 00:22 812151                     /usr/lib/jvm/java-21-openjdk/lib/liblcms.so
7f9f8844d000-7f9f8844f000 r--p 00071000 00:22 812151                     /usr/lib/jvm/java-21-openjdk/lib/liblcms.so
7f9f8844f000-7f9f88452000 rw-p 00073000 00:22 812151                     /usr/lib/jvm/java-21-openjdk/lib/liblcms.so
7f9f88452000-7f9f88453000 rw-p 00000000 00:00 0 
7f9f88453000-7f9f88481000 r-xp 00000000 00:22 812144                     /usr/lib/jvm/java-21-openjdk/lib/libjavajpeg.so
7f9f88481000-7f9f88489000 r--p 0002e000 00:22 812144                     /usr/lib/jvm/java-21-openjdk/lib/libjavajpeg.so
7f9f88489000-7f9f8848a000 r--p 00035000 00:22 812144                     /usr/lib/jvm/java-21-openjdk/lib/libjavajpeg.so
7f9f8848a000-7f9f8848b000 rw-p 00000000 00:00 0 
7f9f8848b000-7f9f8878e000 rw-p 00000000 00:00 0 
7f9f8878e000-7f9f88792000 ---p 00000000 00:00 0 
7f9f88792000-7f9f8888e000 rw-p 00000000 00:00 0 
7f9f8888e000-7f9f8890c000 r-xp 00000000 00:22 812137                     /usr/lib/jvm/java-21-openjdk/lib/libfreetype.so
7f9f8890c000-7f9f88933000 r--p 0007e000 00:22 812137                     /usr/lib/jvm/java-21-openjdk/lib/libfreetype.so
7f9f88933000-7f9f88939000 r--p 000a5000 00:22 812137                     /usr/lib/jvm/java-21-openjdk/lib/libfreetype.so
7f9f88939000-7f9f8893a000 rw-p 00000000 00:00 0 
7f9f8893a000-7f9f88ac9000 r-xp 00000000 00:22 812136                     /usr/lib/jvm/java-21-openjdk/lib/libfontmanager.so
7f9f88ac9000-7f9f88b08000 r--p 0018f000 00:22 812136                     /usr/lib/jvm/java-21-openjdk/lib/libfontmanager.so
7f9f88b08000-7f9f88b0a000 r--p 001ce000 00:22 812136                     /usr/lib/jvm/java-21-openjdk/lib/libfontmanager.so
7f9f88b0a000-7f9f88b0b000 rw-p 001d0000 00:22 812136                     /usr/lib/jvm/java-21-openjdk/lib/libfontmanager.so
7f9f88b0b000-7f9f88b0c000 rw-p 00000000 00:00 0 
7f9f88b0c000-7f9f88b34000 r-xp 00000000 00:22 243616                     /usr/lib64/libnspr4.so
7f9f88b34000-7f9f88b48000 r--p 00028000 00:22 243616                     /usr/lib64/libnspr4.so
7f9f88b48000-7f9f88b4a000 r--p 0003b000 00:22 243616                     /usr/lib64/libnspr4.so
7f9f88b4a000-7f9f88b4b000 rw-p 0003d000 00:22 243616                     /usr/lib64/libnspr4.so
7f9f88b4b000-7f9f88b4e000 rw-p 00000000 00:00 0 
7f9f88b4e000-7f9f88b62000 r-xp 00000000 00:22 244525                     /usr/lib64/libnssutil3.so
7f9f88b62000-7f9f88b74000 r--p 00014000 00:22 244525                     /usr/lib64/libnssutil3.so
7f9f88b74000-7f9f88b7b000 r--p 00026000 00:22 244525                     /usr/lib64/libnssutil3.so
7f9f88b7b000-7f9f88b7c000 rw-p 0002d000 00:22 244525                     /usr/lib64/libnssutil3.so
7f9f88b7c000-7f9f88c66000 r-xp 00000000 00:22 366920                     /usr/lib64/libnss3.so
7f9f88c66000-7f9f88cb0000 r--p 000ea000 00:22 366920                     /usr/lib64/libnss3.so
7f9f88cb0000-7f9f88cb7000 r--p 00134000 00:22 366920                     /usr/lib64/libnss3.so
7f9f88cb7000-7f9f88cb8000 rw-p 0013b000 00:22 366920                     /usr/lib64/libnss3.so
7f9f88cb8000-7f9f88cba000 rw-p 00000000 00:00 0 
7f9f88cca000-7f9f88cd1000 r--s 00000000 00:22 431827                     /usr/lib64/gconv/gconv-modules.cache
7f9f88cd1000-7f9f88ce5000 r-xp 00000000 00:22 45053                      /usr/lib64/libxcb.so.1.1.0
7f9f88ce5000-7f9f88cf9000 r--p 00014000 00:22 45053                      /usr/lib64/libxcb.so.1.1.0
7f9f88cf9000-7f9f88cfa000 r--p 00028000 00:22 45053                      /usr/lib64/libxcb.so.1.1.0
7f9f88cfa000-7f9f88cfb000 rw-p 00029000 00:22 45053                      /usr/lib64/libxcb.so.1.1.0
7f9f88cfb000-7f9f88d08000 r-xp 00000000 00:22 43379                      /usr/lib64/libXi.so.6.1.0
7f9f88d08000-7f9f88d0c000 r--p 0000d000 00:22 43379                      /usr/lib64/libXi.so.6.1.0
7f9f88d0c000-7f9f88d0d000 r--p 00011000 00:22 43379                      /usr/lib64/libXi.so.6.1.0
7f9f88d0d000-7f9f88d0e000 rw-p 00012000 00:22 43379                      /usr/lib64/libXi.so.6.1.0
7f9f88d0e000-7f9f88da7000 r-xp 00000000 00:22 43367                      /usr/lib64/libX11.so.6.4.0
7f9f88da7000-7f9f88e4c000 r--p 00099000 00:22 43367                      /usr/lib64/libX11.so.6.4.0
7f9f88e4c000-7f9f88e4f000 r--p 0013d000 00:22 43367                      /usr/lib64/libX11.so.6.4.0
7f9f88e4f000-7f9f88e53000 rw-p 00140000 00:22 43367                      /usr/lib64/libX11.so.6.4.0
7f9f88e53000-7f9f88ea0000 r-xp 00000000 00:22 812250                     /usr/lib/jvm/java-21-openjdk/lib/libawt_xawt.so
7f9f88ea0000-7f9f88ec2000 r--p 0004d000 00:22 812250                     /usr/lib/jvm/java-21-openjdk/lib/libawt_xawt.so
7f9f88ec2000-7f9f88ec4000 r--p 0006e000 00:22 812250                     /usr/lib/jvm/java-21-openjdk/lib/libawt_xawt.so
7f9f88ec4000-7f9f88ec6000 rw-p 00070000 00:22 812250                     /usr/lib/jvm/java-21-openjdk/lib/libawt_xawt.so
7f9f88ec6000-7f9f88ec8000 rw-p 00000000 00:00 0 
7f9f88ec8000-7f9f88f67000 r-xp 00000000 00:22 812132                     /usr/lib/jvm/java-21-openjdk/lib/libawt.so
7f9f88f67000-7f9f88f78000 r--p 0009f000 00:22 812132                     /usr/lib/jvm/java-21-openjdk/lib/libawt.so
7f9f88f78000-7f9f88f79000 r--p 000af000 00:22 812132                     /usr/lib/jvm/java-21-openjdk/lib/libawt.so
7f9f88f79000-7f9f88f84000 rw-p 000b0000 00:22 812132                     /usr/lib/jvm/java-21-openjdk/lib/libawt.so
7f9f88f84000-7f9f88fa9000 rw-p 00000000 00:00 0 
7f9f88fa9000-7f9f88fad000 ---p 00000000 00:00 0 
7f9f88fad000-7f9f890a9000 rw-p 00000000 00:00 0 
7f9f890a9000-7f9f890ad000 ---p 00000000 00:00 0 
7f9f890ad000-7f9f891a9000 rw-p 00000000 00:00 0 
7f9f891a9000-7f9f891ea000 r-xp 00000000 00:22 812150                     /usr/lib/jvm/java-21-openjdk/lib/libjsvml.so
7f9f891ea000-7f9f89277000 r--p 00041000 00:22 812150                     /usr/lib/jvm/java-21-openjdk/lib/libjsvml.so
7f9f89277000-7f9f89278000 r--p 000cd000 00:22 812150                     /usr/lib/jvm/java-21-openjdk/lib/libjsvml.so
7f9f89278000-7f9f89279000 rw-p 000ce000 00:22 812150                     /usr/lib/jvm/java-21-openjdk/lib/libjsvml.so
7f9f89279000-7f9f8927d000 ---p 00000000 00:00 0 
7f9f8927d000-7f9f89379000 rw-p 00000000 00:00 0 
7f9f89379000-7f9f8937d000 ---p 00000000 00:00 0 
7f9f8937d000-7f9f89479000 rw-p 00000000 00:00 0 
7f9f89479000-7f9f8947d000 ---p 00000000 00:00 0 
7f9f8947d000-7f9f89579000 rw-p 00000000 00:00 0 
7f9f89579000-7f9f8957d000 ---p 00000000 00:00 0 
7f9f8957d000-7f9f89679000 rw-p 00000000 00:00 0 
7f9f89679000-7f9f8967d000 ---p 00000000 00:00 0 
7f9f8967d000-7f9f89779000 rw-p 00000000 00:00 0 
7f9f89779000-7f9f8977d000 ---p 00000000 00:00 0 
7f9f8977d000-7f9f89879000 rw-p 00000000 00:00 0 
7f9f89879000-7f9f8987d000 ---p 00000000 00:00 0 
7f9f8987d000-7f9f89b7b000 rw-p 00000000 00:00 0 
7f9f89b7b000-7f9f89bfc000 rw-p 00000000 00:00 0 
7f9f89bfc000-7f9f89dfe000 rw-p 00000000 00:00 0 
7f9f89dfe000-7f9f8c021000 rw-p 00000000 00:00 0 
7f9f8c021000-7f9f90000000 ---p 00000000 00:00 0 
7f9f90000000-7f9f90021000 rw-p 00000000 00:00 0 
7f9f90021000-7f9f94000000 ---p 00000000 00:00 0 
7f9f94000000-7f9f94021000 rw-p 00000000 00:00 0 
7f9f94021000-7f9f98000000 ---p 00000000 00:00 0 
7f9f98002000-7f9f98004000 r-xp 00000000 00:22 43915                      /usr/lib64/libcom_err.so.2.1
7f9f98004000-7f9f98006000 r--p 00002000 00:22 43915                      /usr/lib64/libcom_err.so.2.1
7f9f98006000-7f9f98007000 r--p 00003000 00:22 43915                      /usr/lib64/libcom_err.so.2.1
7f9f98007000-7f9f98008000 rw-p 00004000 00:22 43915                      /usr/lib64/libcom_err.so.2.1
7f9f98008000-7f9f9800f000 r-xp 00000000 00:22 43385                      /usr/lib64/libXrender.so.1.3.0
7f9f9800f000-7f9f98012000 r--p 00007000 00:22 43385                      /usr/lib64/libXrender.so.1.3.0
7f9f98012000-7f9f98013000 r--p 00009000 00:22 43385                      /usr/lib64/libXrender.so.1.3.0
7f9f98013000-7f9f98014000 rw-p 0000a000 00:22 43385                      /usr/lib64/libXrender.so.1.3.0
7f9f98014000-7f9f986ff000 rw-p 00000000 00:00 0 
7f9f986ff000-7f9f98800000 rw-p 00000000 00:00 0 
7f9f98800000-7f9f98b80000 rwxp 00000000 00:00 0 
7f9f98b80000-7f9f9fd37000 ---p 00000000 00:00 0 
7f9f9fd37000-7f9f9ffa7000 rwxp 00000000 00:00 0 
7f9f9ffa7000-7f9fa02c9000 ---p 00000000 00:00 0 
7f9fa02c9000-7f9fa0539000 rwxp 00000000 00:00 0 
7f9fa0539000-7f9fa7800000 ---p 00000000 00:00 0 
7f9fa7800000-7f9faffc4000 r--s 00000000 00:22 812167                     /usr/lib/jvm/java-21-openjdk/lib/modules
7f9faffc8000-7f9faffca000 r-xp 00000000 00:22 43369                      /usr/lib64/libXau.so.6.0.0
7f9faffca000-7f9faffcb000 r--p 00002000 00:22 43369                      /usr/lib64/libXau.so.6.0.0
7f9faffcb000-7f9faffcc000 r--p 00003000 00:22 43369                      /usr/lib64/libXau.so.6.0.0
7f9faffcc000-7f9faffcd000 rw-p 00000000 00:00 0 
7f9faffcd000-7f9faffd9000 r-xp 00000000 00:22 43375                      /usr/lib64/libXext.so.6.4.0
7f9faffd9000-7f9faffdf000 r--p 0000c000 00:22 43375                      /usr/lib64/libXext.so.6.4.0
7f9faffdf000-7f9faffe0000 r--p 00011000 00:22 43375                      /usr/lib64/libXext.so.6.4.0
7f9faffe0000-7f9faffe1000 rw-p 00012000 00:22 43375                      /usr/lib64/libXext.so.6.4.0
7f9faffe1000-7f9fafff5000 r-xp 00000000 00:22 812166                     /usr/lib/jvm/java-21-openjdk/lib/libzip.so
7f9fafff5000-7f9fafffe000 r--p 00014000 00:22 812166                     /usr/lib/jvm/java-21-openjdk/lib/libzip.so
7f9fafffe000-7f9faffff000 r--p 0001c000 00:22 812166                     /usr/lib/jvm/java-21-openjdk/lib/libzip.so
7f9faffff000-7f9fb0c2b000 rw-p 00000000 00:00 0 
7f9fb0c2b000-7f9fb4000000 ---p 00000000 00:00 0 
7f9fb4004000-7f9fb4005000 r-xp 00000000 00:22 43380                      /usr/lib64/libXinerama.so.1.0.0
7f9fb4005000-7f9fb4006000 r--p 00001000 00:22 43380                      /usr/lib64/libXinerama.so.1.0.0
7f9fb4006000-7f9fb4007000 r--p 00001000 00:22 43380                      /usr/lib64/libXinerama.so.1.0.0
7f9fb4007000-7f9fb4008000 rw-p 00002000 00:22 43380                      /usr/lib64/libXinerama.so.1.0.0
7f9fb4008000-7f9fb400a000 r-xp 00000000 00:22 243618                     /usr/lib64/libplds4.so
7f9fb400a000-7f9fb400c000 r--p 00002000 00:22 243618                     /usr/lib64/libplds4.so
7f9fb400c000-7f9fb400d000 r--p 00003000 00:22 243618                     /usr/lib64/libplds4.so
7f9fb400d000-7f9fb400e000 rw-p 00004000 00:22 243618                     /usr/lib64/libplds4.so
7f9fb400e000-7f9fb4011000 r-xp 00000000 00:22 243617                     /usr/lib64/libplc4.so
7f9fb4011000-7f9fb4013000 r--p 00003000 00:22 243617                     /usr/lib64/libplc4.so
7f9fb4013000-7f9fb4014000 r--p 00004000 00:22 243617                     /usr/lib64/libplc4.so
7f9fb4014000-7f9fb4015000 rw-p 00005000 00:22 243617                     /usr/lib64/libplc4.so
7f9fb4015000-7f9fb4016000 r-xp 00000000 00:22 812164                     /usr/lib/jvm/java-21-openjdk/lib/libsystemconf.so
7f9fb4016000-7f9fb4017000 r--p 00001000 00:22 812164                     /usr/lib/jvm/java-21-openjdk/lib/libsystemconf.so
7f9fb4017000-7f9fb4018000 r--p 00001000 00:22 812164                     /usr/lib/jvm/java-21-openjdk/lib/libsystemconf.so
7f9fb4018000-7f9fb4019000 rw-p 00000000 00:00 0 
7f9fb4019000-7f9fb4021000 r-xp 00000000 00:22 812157                     /usr/lib/jvm/java-21-openjdk/lib/libnet.so
7f9fb4021000-7f9fb4025000 r--p 00008000 00:22 812157                     /usr/lib/jvm/java-21-openjdk/lib/libnet.so
7f9fb4025000-7f9fb4026000 r--p 0000b000 00:22 812157                     /usr/lib/jvm/java-21-openjdk/lib/libnet.so
7f9fb4026000-7f9fb4027000 rw-p 00000000 00:00 0 
7f9fb4027000-7f9fb4031000 r-xp 00000000 00:22 812158                     /usr/lib/jvm/java-21-openjdk/lib/libnio.so
7f9fb4031000-7f9fb403b000 r--p 0000a000 00:22 812158                     /usr/lib/jvm/java-21-openjdk/lib/libnio.so
7f9fb403b000-7f9fb403c000 r--p 00014000 00:22 812158                     /usr/lib/jvm/java-21-openjdk/lib/libnio.so
7f9fb403c000-7f9fb403d000 rw-p 00015000 00:22 812158                     /usr/lib/jvm/java-21-openjdk/lib/libnio.so
7f9fb403d000-7f9fb423f000 rw-p 00000000 00:00 0 
7f9fb423f000-7f9fb44af000 rw-p 00000000 00:00 0 
7f9fb44af000-7f9fb608f000 ---p 00000000 00:00 0 
7f9fb608f000-7f9fb60e5000 rw-p 00000000 00:00 0 
7f9fb60e5000-7f9fb6461000 ---p 00000000 00:00 0 
7f9fb6461000-7f9fb64b0000 rw-p 00000000 00:00 0 
7f9fb64b0000-7f9fb682c000 ---p 00000000 00:00 0 
7f9fb682c000-7f9fb703a000 rw-p 00000000 00:00 0 
7f9fb703a000-7f9fb7120000 ---p 00000000 00:00 0 
7f9fb7120000-7f9fb7127000 rw-p 00000000 00:00 0 
7f9fb7127000-7f9fb720b000 ---p 00000000 00:00 0 
7f9fb720b000-7f9fb720f000 ---p 00000000 00:00 0 
7f9fb720f000-7f9fb730b000 rw-p 00000000 00:00 0 
7f9fb730b000-7f9fb738d000 r-xp 00000000 00:22 242791                     /usr/lib64/libm.so.6
7f9fb738d000-7f9fb73fe000 r--p 00082000 00:22 242791                     /usr/lib64/libm.so.6
7f9fb73fe000-7f9fb73ff000 r--p 000f2000 00:22 242791                     /usr/lib64/libm.so.6
7f9fb73ff000-7f9fb7400000 rw-p 000f3000 00:22 242791                     /usr/lib64/libm.so.6
7f9fb7400000-7f9fb8336000 r-xp 00000000 00:22 812175                     /usr/lib/jvm/java-21-openjdk/lib/server/libjvm.so
7f9fb8336000-7f9fb861a000 r--p 00f36000 00:22 812175                     /usr/lib/jvm/java-21-openjdk/lib/server/libjvm.so
7f9fb861a000-7f9fb86f1000 r--p 0121a000 00:22 812175                     /usr/lib/jvm/java-21-openjdk/lib/server/libjvm.so
7f9fb86f1000-7f9fb8721000 rw-p 012f1000 00:22 812175                     /usr/lib/jvm/java-21-openjdk/lib/server/libjvm.so
7f9fb8721000-7f9fb8787000 rw-p 00000000 00:00 0 
7f9fb8788000-7f9fb878c000 r-xp 00000000 00:22 43388                      /usr/lib64/libXtst.so.6.1.0
7f9fb878c000-7f9fb878e000 r--p 00004000 00:22 43388                      /usr/lib64/libXtst.so.6.1.0
7f9fb878e000-7f9fb878f000 r--p 00005000 00:22 43388                      /usr/lib64/libXtst.so.6.1.0
7f9fb878f000-7f9fb8790000 rw-p 00006000 00:22 43388                      /usr/lib64/libXtst.so.6.1.0
7f9fb8790000-7f9fb880e000 rw-p 00000000 00:00 0 
7f9fb880e000-7f9fb881e000 r-xp 00000000 00:22 812143                     /usr/lib/jvm/java-21-openjdk/lib/libjava.so
7f9fb881e000-7f9fb882d000 r--p 00010000 00:22 812143                     /usr/lib/jvm/java-21-openjdk/lib/libjava.so
7f9fb882d000-7f9fb882e000 r--p 0001f000 00:22 812143                     /usr/lib/jvm/java-21-openjdk/lib/libjava.so
7f9fb882e000-7f9fb882f000 rw-p 00020000 00:22 812143                     /usr/lib/jvm/java-21-openjdk/lib/libjava.so
7f9fb882f000-7f9fb8830000 rw-p 00000000 00:00 0 
7f9fb8830000-7f9fb8848000 r-xp 00000000 00:22 812146                     /usr/lib/jvm/java-21-openjdk/lib/libjimage.so
7f9fb8848000-7f9fb884e000 r--p 00018000 00:22 812146                     /usr/lib/jvm/java-21-openjdk/lib/libjimage.so
7f9fb884e000-7f9fb8850000 r--p 0001e000 00:22 812146                     /usr/lib/jvm/java-21-openjdk/lib/libjimage.so
7f9fb8850000-7f9fb8851000 rw-p 00020000 00:22 812146                     /usr/lib/jvm/java-21-openjdk/lib/libjimage.so
7f9fb8851000-7f9fb8854000 rw-p 00000000 00:00 0 
7f9fb8854000-7f9fb89c3000 r-xp 00000000 00:22 242789                     /usr/lib64/libc.so.6
7f9fb89c3000-7f9fb8a39000 r--p 0016f000 00:22 242789                     /usr/lib64/libc.so.6
7f9fb8a39000-7f9fb8a3d000 r--p 001e4000 00:22 242789                     /usr/lib64/libc.so.6
7f9fb8a3d000-7f9fb8a3f000 rw-p 001e8000 00:22 242789                     /usr/lib64/libc.so.6
7f9fb8a3f000-7f9fb8a4c000 rw-p 00000000 00:00 0 
7f9fb8a4c000-7f9fb8a53000 ---p 00000000 00:00 0 
7f9fb8a53000-7f9fb8a5b000 rw-s 00000000 00:2c 1971                       /tmp/hsperfdata_orochi/126867
7f9fb8a5b000-7f9fb8a5c000 ---p 00000000 00:00 0 
7f9fb8a5c000-7f9fb8a5d000 r--p 00000000 00:00 0 
7f9fb8a5d000-7f9fb8a5e000 ---p 00000000 00:00 0 
7f9fb8a5e000-7f9fb8a70000 r-xp 00000000 00:22 812147                     /usr/lib/jvm/java-21-openjdk/lib/libjli.so
7f9fb8a70000-7f9fb8a78000 r--p 00012000 00:22 812147                     /usr/lib/jvm/java-21-openjdk/lib/libjli.so
7f9fb8a78000-7f9fb8a79000 r--p 0001a000 00:22 812147                     /usr/lib/jvm/java-21-openjdk/lib/libjli.so
7f9fb8a79000-7f9fb8a7a000 rw-p 0001b000 00:22 812147                     /usr/lib/jvm/java-21-openjdk/lib/libjli.so
7f9fb8a7a000-7f9fb8a7c000 rw-p 00000000 00:00 0 
7f9fb8a7c000-7f9fb8a80000 r--p 00000000 00:00 0                          [vvar]
7f9fb8a80000-7f9fb8a82000 r--p 00000000 00:00 0                          [vvar_vclock]
7f9fb8a82000-7f9fb8a84000 r-xp 00000000 00:00 0                          [vdso]
7f9fb8a84000-7f9fb8aae000 r-xp 00000000 00:22 242786                     /usr/lib64/ld-linux-x86-64.so.2
7f9fb8aae000-7f9fb8aba000 r--p 0002a000 00:22 242786                     /usr/lib64/ld-linux-x86-64.so.2
7f9fb8aba000-7f9fb8abc000 r--p 00035000 00:22 242786                     /usr/lib64/ld-linux-x86-64.so.2
7f9fb8abc000-7f9fb8abd000 rw-p 00037000 00:22 242786                     /usr/lib64/ld-linux-x86-64.so.2
7f9fb8abd000-7f9fb8abe000 rw-p 00000000 00:00 0 
7fff62155000-7fff6217b000 rw-p 00000000 00:00 0                          [stack]
ffffffffff600000-ffffffffff601000 --xp 00000000 00:00 0                  [vsyscall]
Total number of mappings: 449

JVMTI agents: none


VM Arguments:
java_command: DebugCnhMask
java_class_path (initial): /home/orochi/.m2/repository/org/springframework/boot/spring-boot-devtools/4.0.6/spring-boot-devtools-4.0.6.jar:/home/orochi/.m2/repository/org/springframework/boot/spring-boot/4.0.6/spring-boot-4.0.6.jar:/home/orochi/.m2/repository/org/springframework/spring-core/7.0.7/spring-core-7.0.7.jar:/home/orochi/.m2/repository/org/springframework/spring-context/7.0.7/spring-context-7.0.7.jar:/home/orochi/.m2/repository/org/springframework/spring-expression/7.0.7/spring-expression-7.0.7.jar:/home/orochi/.m2/repository/io/micrometer/micrometer-observation/1.16.5/micrometer-observation-1.16.5.jar:/home/orochi/.m2/repository/io/micrometer/micrometer-commons/1.16.5/micrometer-commons-1.16.5.jar:/home/orochi/.m2/repository/org/springframework/boot/spring-boot-autoconfigure/4.0.6/spring-boot-autoconfigure-4.0.6.jar:/home/orochi/.m2/repository/org/springframework/boot/spring-boot-starter-data-jpa/4.0.6/spring-boot-starter-data-jpa-4.0.6.jar:/home/orochi/.m2/repository/org/springframework/boot/spring-boot-starter/4.0.6/spring-boot-starter-4.0.6.jar:/home/orochi/.m2/repository/org/springframework/boot/spring-boot-starter-logging/4.0.6/spring-boot-starter-logging-4.0.6.jar:/home/orochi/.m2/repository/ch/qos/logback/logback-classic/1.5.32/logback-classic-1.5.32.jar:/home/orochi/.m2/repository/ch/qos/logback/logback-core/1.5.32/logback-core-1.5.32.jar:/home/orochi/.m2/repository/org/apache/logging/log4j/log4j-to-slf4j/2.25.4/log4j-to-slf4j-2.25.4.jar:/home/orochi/.m2/repository/org/apache/logging/log4j/log4j-api/2.25.4/log4j-api-2.25.4.jar:/home/orochi/.m2/repository/org/slf4j/jul-to-slf4j/2.0.17/jul-to-slf4j-2.0.17.jar:/home/orochi/.m2/repository/jakarta/annotation/jakarta.annotation-api/3.0.0/jakarta.annotation-api-3.0.0.jar:/home/orochi/.m2/repository/org/yaml/snakeyaml/2.5/snakeyaml-2.5.jar:/home/orochi/.m2/repository/org/springframework/boot/spring-boot-starter-jdbc/4.0.6/spring-boot-starter-jdbc-4.0.6.jar:/home/orochi/.m2/repository/com/zaxxer/HikariCP/7.0.2/HikariCP-7.0.2.jar:/home/orochi/.m2/repository/org/springframework/boot/spring-boot-data-jpa/4.0.6/spring-boot-data-jpa-4.0.6.jar:/home/orochi/.m2/repository/org/springframework/boot/spring-boot-data-commons/4.0.6/spring-boot-data-commons-4.0.6.jar:/home/orochi/.m2/repository/org/springframework/boot/spring-boot-persistence/4.0.6/spring-boot-persistence-4.0.6.jar:/home/orochi/.m2/repository/org/springframework/data/spring-data-commons/4.0.5/spring-data-commons-4.0.5.jar:/home/orochi/.m2/repository/org/springframework/boot/spring-boot-hibernate/4.0.6/spring-boot-hibernate-4.0.6.jar:/home/orochi/.m2/repository/org/springframework/boot/spring-boot-jpa/4.0.6/spring-boot-jpa-4.0.6.jar:/home/orochi/.m2/repository/jakarta/persistence/jakarta.persistence-api/3.2.0/jakarta.persistence-api-3.2.0.jar:/home/orochi/.m2/repository/org/hibernate/orm/hibernate-core/7.2.12.Final/hibernate-core-7.2.12.Final.jar:/home/orochi/.m2/repository/jakarta/transaction/jakarta.transaction-api/2.0.1/jakarta.transaction-api-2.0.1.jar:/home/orochi/.m2/repository/org/hibernate/models/hibernate-models/1.0.1/hibernate-models-1.0.1.jar:/home/orochi/.m2/repository/com/fasterxml/classmate/1.7.3/classmate-1.7.3.jar:/home/orochi/.m2/repository/org/glassfish/jaxb/jaxb-runtime/4.0.6/jaxb-runtime-4.0.6.jar:/home/orochi/.m2/repository/org/glassfish/jaxb/jaxb-core/4.0.6/jaxb-core-4.0.6.jar:/home/orochi/.m2/repository/org/eclipse/angus/angus-activation/2.0.3/angus-activation-2.0.3.jar:/home/orochi/.m2/repository/org/glassfish/jaxb/txw2/4.0.6/txw2-4.0.6.jar:/home/orochi/.m2/repository/com/sun/istack/istack-commons-runtime/4.1.2/istack-commons-runtime-4.1.2.jar:/home/orochi/.m2/repository/jakarta/inject/jakarta.inject-api/2.0.1/jakarta.inject-api-2.0.1.jar:/home/orochi/.m2/repository/org/springframework/spring-orm/7.0.7/spring-orm-7.0.7.jar:/home/orochi/.m2/repository/org/springframework/data/spring-data-jpa/4.0.5/spring-data-jpa-4.0.5.jar:/home/orochi/.m2/repository/org/springframework/spring-tx/7.0.7/spring-tx-7.0.7.jar:/home/orochi/.m2/repository/org/antlr/antlr4-runtime/4.13.2/antlr4-runtime-4.13.2.jar:/home/orochi/.m2/repository/org/springframework/spring-aspects/7.0.7/spring-aspects-7.0.7.jar:/home/orochi/.m2/repository/org/aspectj/aspectjweaver/1.9.25.1/aspectjweaver-1.9.25.1.jar:/home/orochi/.m2/repository/org/springframework/boot/spring-boot-jdbc/4.0.6/spring-boot-jdbc-4.0.6.jar:/home/orochi/.m2/repository/org/springframework/boot/spring-boot-sql/4.0.6/spring-boot-sql-4.0.6.jar:/home/orochi/.m2/repository/org/springframework/boot/spring-boot-transaction/4.0.6/spring-boot-transaction-4.0.6.jar:/home/orochi/.m2/repository/org/springframework/spring-jdbc/7.0.7/spring-jdbc-7.0.7.jar:/home/orochi/.m2/repository/org/springframework/boot/spring-boot-starter-security/4.0.6/spring-boot-starter-security-4.0.6.jar:/home/orochi/.m2/repository/org/springframework/boot/spring-boot-security/4.0.6/spring-boot-security-4.0.6.jar:/home/orochi/.m2/repository/org/springframework/security/spring-security-config/7.0.5/spring-security-config-7.0.5.jar:/home/orochi/.m2/repository/org/springframework/security/spring-security-core/7.0.5/spring-security-core-7.0.5.jar:/home/orochi/.m2/repository/org/springframework/security/spring-security-crypto/7.0.5/spring-security-crypto-7.0.5.jar:/home/orochi/.m2/repository/org/springframework/security/spring-security-web/7.0.5/spring-security-web-7.0.5.jar:/home/orochi/.m2/repository/org/springframework/spring-aop/7.0.7/spring-aop-7.0.7.jar:/home/orochi/.m2/repository/org/springframework/spring-beans/7.0.7/spring-beans-7.0.7.jar:/home/orochi/.m2/repository/org/springframework/boot/spring-boot-starter-webmvc/4.0.6/spring-boot-starter-webmvc-4.0.6.jar:/home/orochi/.m2/repository/org/springframework/boot/spring-boot-starter-jackson/4.0.6/spring-boot-starter-jackson-4.0.6.jar:/home/orochi/.m2/repository/org/springframework/boot/spring-boot-jackson/4.0.6/spring-boot-jackson-4.0.6.jar:/home/orochi/.m2/repository/tools/jackson/core/jackson-databind/3.1.2/jackson-databind-3.1.2.jar:/home/orochi/.m2/repository/tools/jackson/core/jackson-core/3.1.2/jackson-core-3.1.2.jar:/home/orochi/.m2/repository/org/springframework/boot/spring-boot-starter-tomcat/4.0.6/spring-boot-starter-tomcat-4.0.6.jar:/home/orochi/.m2/repository/org/springframework/boot/spring-boot-starter-tomcat-runtime/4.0.6/spring-boot-starter-tomcat-runtime-4.0.6.jar:/home/orochi/.m2/repository/org/apache/tomcat/embed/tomcat-embed-core/11.0.21/tomcat-embed-core-11.0.21.jar:/home/orochi/.m2/repository/org/apache/tomcat/embed/tomcat-embed-el/11.0.21/tomcat-embed-el-11.0.21.jar:/home/orochi/.m2/repository/org/apache/tomcat/embed/tomcat-embed-websocket/11.0.21/tomcat-embed-websocket-11.0.21.jar:/home/orochi/.m2/repository/org/springframework/boot/spring-boot-tomcat/4.0.6/spring-boot-tomcat-4.0.6.jar:/home/orochi/.m2/repository/org/springframework/boot/spring-boot-http-converter/4.0.6/spring-boot-http-converter-4.0.6.jar:/home/orochi/.m2/repository/org/springframework/spring-web/7.0.7/spring-web-7.0.7.jar:/home/orochi/.m2/repository/org/springframework/boot/spring-boot-webmvc/4.0.6/spring-boot-webmvc-4.0.6.jar:/home/orochi/.m2/repository/org/springframework/boot/spring-boot-servlet/4.0.6/spring-boot-servlet-4.0.6.jar:/home/orochi/.m2/repository/org/springframework/spring-webmvc/7.0.7/spring-webmvc-7.0.7.jar:/home/orochi/.m2/repository/org/bouncycastle/bcpkix-jdk18on/1.78.1/bcpkix-jdk18on-1.78.1.jar:/home/orochi/.m2/repository/org/bouncycastle/bcprov-jdk18on/1.78.1/bcprov-jdk18on-1.78.1.jar:/home/orochi/.m2/repository/org/bouncycastle/bcutil-jdk18on/1.78.1/bcutil-jdk18on-1.78.1.jar:/home/orochi/.m2/repository/org/apache/pdfbox/pdfbox/3.0.6/pdfbox-3.0.6.jar:/home/orochi/.m2/repository/org/apache/pdfbox/pdfbox-io/3.0.6/pdfbox-io-3.0.6.jar:/home/orochi/.m2/repository/org/apache/pdfbox/fontbox/3.0.6/fontbox-3.0.6.jar:/home/orochi/.m2/repository/commons-logging/commons-logging/1.3.6/commons-logging-1.3.6.jar:/home/orochi/.m2/repository/net/sourceforge/tess4j/tess4j/5.13.0/tess4j-5.13.0.jar:/home/orochi/.m2/repository/net/java/dev/jna/jna/5.14.0/jna-5.14.0.jar:/home/orochi/.m2/repository/com/github/jai-imageio/jai-imageio-core/1.4.0/jai-imageio-core-1.4.0.jar:/home/orochi/.m2/repository/org/apache/pdfbox/pdfbox-tools/3.0.3/pdfbox-tools-3.0.3.jar:/home/orochi/.m2/repository/org/apache/pdfbox/pdfbox-debugger/3.0.3/pdfbox-debugger-3.0.3.jar:/home/orochi/.m2/repository/info/picocli/picocli/4.7.6/picocli-4.7.6.jar:/home/orochi/.m2/repository/org/apache/pdfbox/jbig2-imageio/3.0.4/jbig2-imageio-3.0.4.jar:/home/orochi/.m2/repository/commons-io/commons-io/2.16.1/commons-io-2.16.1.jar:/home/orochi/.m2/repository/net/sourceforge/lept4j/lept4j/1.19.1/lept4j-1.19.1.jar:/home/orochi/.m2/repository/org/jboss/jboss-vfs/3.2.17.Final/jboss-vfs-3.2.17.Final.jar:/home/orochi/.m2/repository/org/jboss/logging/jboss-logging/3.6.3.Final/jboss-logging-3.6.3.Final.jar:/home/orochi/.m2/repository/org/slf4j/slf4j-api/2.0.17/slf4j-api-2.0.17.jar:/home/orochi/.m2/repository/org/springdoc/springdoc-openapi-starter-webmvc-ui/3.0.2/springdoc-openapi-starter-webmvc-ui-3.0.2.jar:/home/orochi/.m2/repository/org/springdoc/springdoc-openapi-starter-webmvc-api/3.0.2/springdoc-openapi-starter-webmvc-api-3.0.2.jar:/home/orochi/.m2/repository/org/springdoc/springdoc-openapi-starter-common/3.0.2/springdoc-openapi-starter-common-3.0.2.jar:/home/orochi/.m2/repository/org/springframework/boot/spring-boot-validation/4.0.6/spring-boot-validation-4.0.6.jar:/home/orochi/.m2/repository/org/hibernate/validator/hibernate-validator/9.0.1.Final/hibernate-validator-9.0.1.Final.jar:/home/orochi/.m2/repository/io/swagger/core/v3/swagger-core-jakarta/2.2.43/swagger-core-jakarta-2.2.43.jar:/home/orochi/.m2/repository/org/apache/commons/commons-lang3/3.19.0/commons-lang3-3.19.0.jar:/home/orochi/.m2/repository/io/swagger/core/v3/swagger-annotations-jakarta/2.2.43/swagger-annotations-jakarta-2.2.43.jar:/home/orochi/.m2/repository/io/swagger/core/v3/swagger-models-jakarta/2.2.43/swagger-models-jakarta-2.2.43.jar:/home/orochi/.m2/repository/jakarta/validation/jakarta.validation-api/3.1.1/jakarta.validation-api-3.1.1.jar:/home/orochi/.m2/repository/com/fasterxml/jackson/dataformat/jackson-dataformat-yaml/2.21.2/jackson-dataformat-yaml-2.21.2.jar:/home/orochi/.m2/repository/com/fasterxml/jackson/datatype/jackson-datatype-jsr310/2.21.2/jackson-datatype-jsr310-2.21.2.jar:/home/orochi/.m2/repository/org/springframework/boot/spring-boot-web-server/4.0.6/spring-boot-web-server-4.0.6.jar:/home/orochi/.m2/repository/org/webjars/swagger-ui/5.32.0/swagger-ui-5.32.0.jar:/home/orochi/.m2/repository/org/webjars/webjars-locator-lite/1.1.3/webjars-locator-lite-1.1.3.jar:/home/orochi/.m2/repository/org/jspecify/jspecify/1.0.0/jspecify-1.0.0.jar:/home/orochi/.m2/repository/org/postgresql/postgresql/42.7.10/postgresql-42.7.10.jar:/home/orochi/.m2/repository/org/checkerframework/checker-qual/3.52.0/checker-qual-3.52.0.jar:/home/orochi/.m2/repository/io/jsonwebtoken/jjwt-api/0.12.6/jjwt-api-0.12.6.jar:/home/orochi/.m2/repository/io/jsonwebtoken/jjwt-impl/0.12.6/jjwt-impl-0.12.6.jar:/home/orochi/.m2/repository/io/jsonwebtoken/jjwt-jackson/0.12.6/jjwt-jackson-0.12.6.jar:/home/orochi/.m2/repository/com/fasterxml/jackson/core/jackson-databind/2.21.2/jackson-databind-2.21.2.jar:/home/orochi/.m2/repository/com/fasterxml/jackson/core/jackson-annotations/2.21/jackson-annotations-2.21.jar:/home/orochi/.m2/repository/com/fasterxml/jackson/core/jackson-core/2.21.2/jackson-core-2.21.2.jar:/home/orochi/.m2/repository/org/springframework/boot/spring-boot-starter-data-jpa-test/4.0.6/spring-boot-starter-data-jpa-test-4.0.6.jar:/home/orochi/.m2/repository/org/springframework/boot/spring-boot-starter-test/4.0.6/spring-boot-starter-test-4.0.6.jar:/home/orochi/.m2/repository/org/springframework/boot/spring-boot-test/4.0.6/spring-boot-test-4.0.6.jar:/home/orochi/.m2/repository/org/springframework/boot/spring-boot-test-autoconfigure/4.0.6/spring-boot-test-autoconfigure-4.0.6.jar:/home/orochi/.m2/repository/com/jayway/jsonpath/json-path/2.10.0/json-path-2.10.0.jar:/home/orochi/.m2/repository/jakarta/xml/bind/jakarta.xml.bind-api/4.0.4/jakarta.xml.bind-api-4.0.4.jar:/home/orochi/.m2/repository/jakarta/activation/jakarta.activation-api/2.1.4/jakarta.activation-api-2.1.4.jar:/home/orochi/.m2/repository/net/minidev/json-smart/2.6.0/json-smart-2.6.0.jar:/home/orochi/.m2/repository/net/minidev/accessors-smart/2.6.0/accessors-smart-2.6.0.jar:/home/orochi/.m2/repository/org/ow2/asm/asm/9.7.1/asm-9.7.1.jar:/home/orochi/.m2/repository/org/assertj/assertj-core/3.27.7/assertj-core-3.27.7.jar:/home/orochi/.m2/repository/net/bytebuddy/byte-buddy/1.17.8/byte-buddy-1.17.8.jar:/home/orochi/.m2/repository/org/awaitility/awaitility/4.3.0/awaitility-4.3.0.jar:/home/orochi/.m2/repository/org/hamcrest/hamcrest/3.0/hamcrest-3.0.jar:/home/orochi/.m2/repository/org/junit/jupiter/junit-jupiter/6.0.3/junit-jupiter-6.0.3.jar:/home/orochi/.m2/repository/org/junit/jupiter/junit-jupiter-api/6.0.3/junit-jupiter-api-6.0.3.jar:/home/orochi/.m2/repository/org/opentest4j/opentest4j/1.3.0/opentest4j-1.3.0.jar:/home/orochi/.m2/repository/org/junit/platform/junit-platform-commons/6.0.3/junit-platform-commons-6.0.3.jar:/home/orochi/.m2/repository/org/apiguardian/apiguardian-api/1.1.2/apiguardian-api-1.1.2.jar:/home/orochi/.m2/repository/org/junit/jupiter/junit-jupiter-params/6.0.3/junit-jupiter-params-6.0.3.jar:/home/orochi/.m2/repository/org/junit/jupiter/junit-jupiter-engine/6.0.3/junit-jupiter-engine-6.0.3.jar:/home/orochi/.m2/repository/org/junit/platform/junit-platform-engine/6.0.3/junit-platform-engine-6.0.3.jar:/home/orochi/.m2/repository/org/mockito/mockito-core/5.20.0/mockito-core-5.20.0.jar:/home/orochi/.m2/repository/net/bytebuddy/byte-buddy-agent/1.17.8/byte-buddy-agent-1.17.8.jar:/home/orochi/.m2/repository/org/objenesis/objenesis/3.3/objenesis-3.3.jar:/home/orochi/.m2/repository/org/mockito/mockito-junit-jupiter/5.20.0/mockito-junit-jupiter-5.20.0.jar:/home/orochi/.m2/repository/org/skyscreamer/jsonassert/1.5.3/jsonassert-1.5.3.jar:/home/orochi/.m2/repository/com/vaadin/external/google/android-json/0.0.20131108.vaadin1/android-json-0.0.20131108.vaadin1.jar:/home/orochi/.m2/repository/org/springframework/spring-test/7.0.7/spring-test-7.0.7.jar:/home/orochi/.m2/repository/org/xmlunit/xmlunit-core/2.10.4/xmlunit-core-2.10.4.jar:/home/orochi/.m2/repository/org/springframework/boot/spring-boot-starter-jdbc-test/4.0.6/spring-boot-starter-jdbc-test-4.0.6.jar:/home/orochi/.m2/repository/org/springframework/boot/spring-boot-jdbc-test/4.0.6/spring-boot-jdbc-test-4.0.6.jar:/home/orochi/.m2/repository/org/springframework/boot/spring-boot-data-jpa-test/4.0.6/spring-boot-data-jpa-test-4.0.6.jar:/home/orochi/.m2/repository/org/springframework/boot/spring-boot-jpa-test/4.0.6/spring-boot-jpa-test-4.0.6.jar:/home/orochi/.m2/repository/org/springframework/boot/spring-boot-starter-security-test/4.0.6/spring-boot-starter-security-test-4.0.6.jar:/home/orochi/.m2/repository/org/springframework/boot/spring-boot-security-test/4.0.6/spring-boot-security-test-4.0.6.jar:/home/orochi/.m2/repository/org/springframework/security/spring-security-test/7.0.5/spring-security-test-7.0.5.jar:/home/orochi/.m2/repository/org/springframework/boot/spring-boot-starter-webmvc-test/4.0.6/spring-boot-starter-webmvc-test-4.0.6.jar:/home/orochi/.m2/repository/org/springframework/boot/spring-boot-starter-jackson-test/4.0.6/spring-boot-starter-jackson-test-4.0.6.jar:/home/orochi/.m2/repository/org/springframework/boot/spring-boot-webmvc-test/4.0.6/spring-boot-webmvc-test-4.0.6.jar:/home/orochi/.m2/repository/org/springframework/boot/spring-boot-resttestclient/4.0.6/spring-boot-resttestclient-4.0.6.jar:/home/orochi/.m2/repository/org/springframework/boot/spring-boot-starter-flyway/4.0.6/spring-boot-starter-flyway-4.0.6.jar:/home/orochi/.m2/repository/org/springframework/boot/spring-boot-flyway/4.0.6/spring-boot-flyway-4.0.6.jar:/home/orochi/.m2/repository/org/flywaydb/flyway-database-postgresql/11.14.1/flyway-database-postgresql-11.14.1.jar:/home/orochi/.m2/repository/org/flywaydb/flyway-core/11.14.1/flyway-core-11.14.1.jar:/tmp
Launcher Type: SUN_STANDARD

[Global flags]
     intx CICompilerCount                          = 4                                         {product} {ergonomic}
     uint ConcGCThreads                            = 2                                         {product} {ergonomic}
     uint G1ConcRefinementThreads                  = 8                                         {product} {ergonomic}
   size_t G1HeapRegionSize                         = 1048576                                   {product} {ergonomic}
    uintx GCDrainStackTargetSize                   = 64                                        {product} {ergonomic}
   size_t InitialHeapSize                          = 127926272                                 {product} {ergonomic}
   size_t MarkStackSize                            = 4194304                                   {product} {ergonomic}
   size_t MaxHeapSize                              = 2036334592                                {product} {ergonomic}
   size_t MaxNewSize                               = 1221591040                                {product} {ergonomic}
   size_t MinHeapDeltaBytes                        = 1048576                                   {product} {ergonomic}
   size_t MinHeapSize                              = 8388608                                   {product} {ergonomic}
    uintx NonNMethodCodeHeapSize                   = 5839372                                {pd product} {ergonomic}
    uintx NonProfiledCodeHeapSize                  = 122909434                              {pd product} {ergonomic}
    uintx ProfiledCodeHeapSize                     = 122909434                              {pd product} {ergonomic}
    uintx ReservedCodeCacheSize                    = 251658240                              {pd product} {ergonomic}
     bool SegmentedCodeCache                       = true                                      {product} {ergonomic}
   size_t SoftMaxHeapSize                          = 2036334592                             {manageable} {ergonomic}
     bool UseCompressedOops                        = true                           {product lp64_product} {ergonomic}
     bool UseG1GC                                  = true                                      {product} {ergonomic}

Logging:
Log output configuration:
 #0: stdout all=warning uptime,level,tags foldmultilines=false
 #1: stderr all=off uptime,level,tags foldmultilines=false

Release file:
IMPLEMENTOR="Red Hat, Inc."
IMPLEMENTOR_VERSION="(Red_Hat-21.0.11.0.10-2)"
JAVA_RUNTIME_VERSION="21.0.11+10"
JAVA_VERSION="21.0.11"
JAVA_VERSION_DATE="2026-04-21"
LIBC="gnu"
MODULES="java.base java.compiler java.datatransfer java.xml java.prefs java.desktop java.instrument java.logging java.management java.security.sasl java.naming java.rmi java.management.rmi java.net.http java.scripting java.security.jgss java.transaction.xa java.sql java.sql.rowset java.xml.crypto java.se java.smartcardio jdk.accessibility jdk.internal.jvmstat jdk.attach jdk.charsets jdk.internal.opt jdk.zipfs jdk.compiler jdk.crypto.ec jdk.crypto.cryptoki jdk.dynalink jdk.internal.ed jdk.editpad jdk.hotspot.agent jdk.httpserver jdk.incubator.vector jdk.internal.le jdk.internal.vm.ci jdk.internal.vm.compiler jdk.internal.vm.compiler.management jdk.jartool jdk.javadoc jdk.jcmd jdk.management jdk.management.agent jdk.jconsole jdk.jdeps jdk.jdwp.agent jdk.jdi jdk.jfr jdk.jlink jdk.jpackage jdk.jshell jdk.jsobject jdk.jstatd jdk.localedata jdk.management.jfr jdk.naming.dns jdk.naming.rmi jdk.net jdk.nio.mapmode jdk.random jdk.sctp jdk.security.auth jdk.security.jgss jdk.unsupported jdk.unsupported.desktop jdk.xml.dom"
OS_ARCH="x86_64"
OS_NAME="Linux"
SOURCE=".:git:d8615be99208"

Environment Variables:
JAVA_HOME=/usr/lib/jvm/java-21-openjdk
PATH=/usr/lib/jvm/java-21-openjdk/bin:/usr/share/cursor/resources/app/resources/helpers:/usr/lib/jvm/java-21-openjdk/bin:/usr/lib/jvm/java-21-openjdk/bin:/home/orochi/.local/bin:/home/orochi/bin:/usr/local/bin:/usr/bin:/usr/local/sbin:/usr/sbin:/home/orochi/.dotnet/tools:/var/lib/snapd/snap/bin:/home/orochi/.local/share/JetBrains/Toolbox/scripts:/home/orochi/.local/share/JetBrains/Toolbox/scripts:/home/orochi/.local/share/JetBrains/Toolbox/scripts
SHELL=/bin/bash
DISPLAY=:0
WAYLAND_DISPLAY=wayland-0
LANG=en_US.UTF-8
TERM=dumb

Active Locale:
LC_ALL=en_US.UTF-8
LC_COLLATE=en_US.UTF-8
LC_CTYPE=en_US.UTF-8
LC_MESSAGES=en_US.UTF-8
LC_MONETARY=en_US.UTF-8
LC_NUMERIC=en_US.UTF-8
LC_TIME=en_US.UTF-8

Signal Handlers:
   SIGSEGV: crash_handler in libjvm.so, mask=11100100010111111101111111111110, flags=SA_RESTART|SA_SIGINFO, unblocked
    SIGBUS: crash_handler in libjvm.so, mask=11100100010111111101111111111110, flags=SA_RESTART|SA_SIGINFO, unblocked
    SIGFPE: crash_handler in libjvm.so, mask=11100100010111111101111111111110, flags=SA_RESTART|SA_SIGINFO, unblocked
   SIGPIPE: SIG_IGN, mask=00000000000000000000000000000000, flags=none, blocked
  *** Handler was modified!
  *** Expected: javaSignalHandler in libjvm.so, mask=11100100110111111111111111111110, flags=SA_RESTART|SA_SIGINFO
   SIGXFSZ: javaSignalHandler in libjvm.so, mask=11100100010111111101111111111110, flags=SA_RESTART|SA_SIGINFO, blocked
    SIGILL: crash_handler in libjvm.so, mask=11100100010111111101111111111110, flags=SA_RESTART|SA_SIGINFO, unblocked
   SIGUSR2: SR_handler in libjvm.so, mask=00000000000000000000000000000000, flags=SA_RESTART|SA_SIGINFO, blocked
    SIGHUP: UserHandler in libjvm.so, mask=11100100010111111101111111111110, flags=SA_RESTART|SA_SIGINFO, blocked
    SIGINT: UserHandler in libjvm.so, mask=11100100010111111101111111111110, flags=SA_RESTART|SA_SIGINFO, blocked
   SIGTERM: UserHandler in libjvm.so, mask=11100100010111111101111111111110, flags=SA_RESTART|SA_SIGINFO, blocked
   SIGQUIT: UserHandler in libjvm.so, mask=11100100010111111101111111111110, flags=SA_RESTART|SA_SIGINFO, blocked
   SIGTRAP: crash_handler in libjvm.so, mask=11100100010111111101111111111110, flags=SA_RESTART|SA_SIGINFO, unblocked


Periodic native trim disabled

---------------  S Y S T E M  ---------------

OS:
Fedora release 43 (Forty Three)
uname: Linux 6.19.8-200.fc43.x86_64 #1 SMP PREEMPT_DYNAMIC Fri Mar 13 22:06:06 UTC 2026 x86_64
OS uptime: 0 days 11:12 hours
libc: glibc 2.42 NPTL 2.42 
rlimit (soft/hard): STACK 8192k/infinity , CORE infinity/infinity , NPROC 30442/30442 , NOFILE 524288/524288 , AS infinity/infinity , CPU infinity/infinity , DATA infinity/infinity , FSIZE infinity/infinity , MEMLOCK 8192k/8192k
load average: 4.09 3.86 5.02

/proc/meminfo:
MemTotal:        7949176 kB
MemFree:          138376 kB
MemAvailable:     981492 kB
Buffers:             548 kB
Cached:          1580012 kB
SwapCached:         8356 kB
Active:          2331244 kB
Inactive:        2980192 kB
Active(anon):    1851332 kB
Inactive(anon):  2406668 kB
Active(file):     479912 kB
Inactive(file):   573524 kB
Unevictable:      154740 kB
Mlocked:             472 kB
SwapTotal:       7948284 kB
SwapFree:        3388532 kB
Zswap:                 0 kB
Zswapped:              0 kB
Dirty:              1212 kB
Writeback:             4 kB
AnonPages:       3883092 kB
Mapped:           534084 kB
Shmem:            527980 kB
KReclaimable:      92412 kB
Slab:             365440 kB
SReclaimable:      92412 kB
SUnreclaim:       273028 kB
KernelStack:       26624 kB
PageTables:       105320 kB
SecPageTables:      2056 kB
NFS_Unstable:          0 kB
Bounce:                0 kB
WritebackTmp:          0 kB
CommitLimit:    11922872 kB
Committed_AS:   39404488 kB
VmallocTotal:   34359738367 kB
VmallocUsed:      162676 kB
VmallocChunk:          0 kB
Percpu:             6624 kB
HardwareCorrupted:     0 kB
AnonHugePages:         0 kB
ShmemHugePages:        0 kB
ShmemPmdMapped:        0 kB
FileHugePages:         0 kB
FilePmdMapped:         0 kB
CmaTotal:              0 kB
CmaFree:               0 kB
Unaccepted:            0 kB
Balloon:               0 kB
HugePages_Total:       0
HugePages_Free:        0
HugePages_Rsvd:        0
HugePages_Surp:        0
Hugepagesize:       2048 kB
Hugetlb:               0 kB
DirectMap4k:      855484 kB
DirectMap2M:     7366656 kB
DirectMap1G:           0 kB

/sys/kernel/mm/transparent_hugepage/enabled: always [madvise] never
/sys/kernel/mm/transparent_hugepage/hpage_pmd_size: 2097152
/sys/kernel/mm/transparent_hugepage/defrag (defrag/compaction efforts parameter): always defer defer+madvise [madvise] never

Process Memory:
Virtual Size: 5686276K (peak: 5686276K)
Resident Set Size: 241752K (peak: 241752K) (anon: 204864K, file: 36856K, shmem: 32K)
Swapped out: 0K
C-Heap outstanding allocations: 44662K, retained: 6405K
glibc malloc tunables: (default)

/proc/sys/kernel/threads-max (system-wide limit on the number of threads): 60884
/proc/sys/vm/max_map_count (maximum number of memory map areas a process may have): 1048576
/proc/sys/vm/swappiness (control to define how aggressively the kernel swaps out anonymous memory): 60
/proc/sys/kernel/pid_max (system-wide limit on number of process identifiers): 4194304

container information not found.
Steal ticks since vm start: 0
Steal ticks percentage since vm start:  0.000

CPU: total 8 (initial active 8) (4 cores per cpu, 2 threads per core) family 6 model 158 stepping 13 microcode 0x104, cx8, cmov, fxsr, ht, mmx, 3dnowpref, sse, sse2, sse3, ssse3, sse4.1, sse4.2, popcnt, lzcnt, tsc, tscinvbit, avx, avx2, aes, erms, clmul, bmi1, bmi2, adx, fma, vzeroupper, clflush, clflushopt, rdtscp, f16c
CPU Model and flags from /proc/cpuinfo:
model name	: Intel(R) Core(TM) i5-9300H CPU @ 2.40GHz
flags		: fpu vme de pse tsc msr pae mce cx8 apic sep mtrr pge mca cmov pat pse36 clflush dts acpi mmx fxsr sse sse2 ss ht tm pbe syscall nx pdpe1gb rdtscp lm constant_tsc art arch_perfmon pebs bts rep_good nopl xtopology nonstop_tsc cpuid aperfmperf pni pclmulqdq dtes64 monitor ds_cpl vmx est tm2 ssse3 sdbg fma cx16 xtpr pdcm pcid sse4_1 sse4_2 x2apic movbe popcnt tsc_deadline_timer aes xsave avx f16c rdrand lahf_lm abm 3dnowprefetch cpuid_fault epb ssbd ibrs ibpb stibp ibrs_enhanced tpr_shadow flexpriority ept vpid ept_ad fsgsbase tsc_adjust bmi1 avx2 smep bmi2 erms invpcid mpx rdseed adx smap clflushopt intel_pt xsaveopt xsavec xgetbv1 xsaves dtherm ida arat pln pts hwp hwp_notify hwp_act_window hwp_epp vnmi md_clear flush_l1d arch_capabilities

Online cpus: 0-7
Offline cpus: 
BIOS frequency limitation: <Not Available>
Frequency switch latency (ns): 0
Available cpu frequencies: <Not Available>
Current governor: powersave
Core performance/turbo boost: <Not Available>

Memory: 4k page, physical 7949176k(983544k free), swap 7948284k(3386676k free)
Page Sizes: 4k

vm_info: OpenJDK 64-Bit Server VM (21.0.11+10) for linux-amd64 JRE (21.0.11+10), built on 2026-04-21T00:00:00Z by "mockbuild" with gcc 15.2.1 20260123 (Red Hat 15.2.1-7)

END.
